,y,REL001,REL002,IRR003,IRR004,IRR005,IRR006,IRR007,IRR008,IRR009,IRR010,IRR011,IRR012,IRR013,IRR014,IRR015,IRR016,IRR017,IRR018,IRR019,IRR020,IRR021,IRR022,IRR023,IRR024,IRR025,IRR026,IRR027,IRR028,IRR029,IRR030,IRR031,IRR032,IRR033,IRR034,IRR035,IRR036,IRR037,IRR038,IRR039,IRR040,IRR041,IRR042,IRR043,IRR044,IRR045,IRR046,IRR047,IRR048,IRR049,IRR050
s0001_0,0,1,1,1,0,1,0,0,0,1,0,0,0,0,1,0,0,1,1,1,0,1,1,1,1,0,1,1,0,1,0,1,1,0,0,1,1,0,1,0,1,1,1,0,1,1,0,0,1,0,0
s0002_0,0,0,0,1,0,0,1,0,0,1,0,1,1,1,1,1,1,0,1,1,0,1,1,1,0,1,0,0,1,1,0,0,1,0,1,1,1,0,1,1,0,0,0,0,1,0,0,0,1,0,0
s0003_0,0,1,1,1,0,0,1,1,0,1,0,0,0,0,1,1,1,1,0,0,1,0,0,1,0,1,0,0,0,0,1,0,0,1,0,0,1,1,1,1,1,0,0,1,0,1,0,0,1,0,1
s0004_0,0,1,1,0,0,1,0,0,1,0,0,0,1,1,0,1,0,1,1,0,1,1,1,1,0,1,0,1,0,1,1,0,0,1,0,0,0,0,1,0,0,0,1,1,1,0,1,1,0,0,0
s0005_0,0,0,0,0,1,1,0,0,1,1,0,0,0,0,0,0,1,1,0,1,1,1,1,0,0,1,1,0,1,0,1,1,1,1,1,1,1,0,0,1,0,0,1,0,0,0,0,0,0,1,0
s0006_0,0,0,0,1,0,1,0,0,0,0,1,0,1,0,0,1,0,1,0,0,1,0,0,0,0,1,0,1,0,1,0,1,0,0,1,0,0,1,0,0,0,1,1,1,1,1,0,0,0,1,0
s0007_0,0,1,1,1,0,0,1,1,0,1,1,0,1,0,1,1,1,1,1,1,1,1,1,0,0,1,0,1,0,0,1,0,0,0,1,0,0,0,0,0,1,0,1,1,0,0,1,0,1,0,1
s0008_0,0,0,0,0,1,0,0,0,0,1,1,1,1,1,1,1,0,0,1,1,1,1,1,1,1,1,1,0,0,1,1,1,1,1,0,1,1,0,0,0,0,1,1,0,1,0,1,0,1,0,1
s0009_0,0,0,0,1,0,1,1,0,0,1,0,0,0,1,1,1,1,0,0,0,1,1,1,0,0,0,1,0,1,0,1,1,0,1,1,1,0,0,1,0,1,0,0,1,1,0,0,1,0,0,0
s0010_0,0,1,1,1,1,0,1,0,0,1,0,0,1,0,0,1,1,1,1,0,1,0,0,1,0,1,0,0,0,0,0,0,0,0,0,0,0,1,1,1,1,1,1,1,0,0,0,0,1,1,0
s0011_0,0,1,1,0,0,1,0,1,0,0,1,0,1,0,1,1,0,0,0,0,0,0,0,1,0,0,0,0,1,1,0,0,1,1,0,0,0,0,1,0,1,0,0,0,0,1,1,1,0,0,0
s0012_0,0,0,0,0,0,1,1,1,0,0,0,1,0,1,0,1,0,0,1,1,1,0,1,0,0,0,1,1,1,0,1,0,1,1,0,1,1,1,1,0,1,1,1,0,1,0,0,1,0,0,1
s0013_0,0,0,0,1,1,0,1,0,0,0,1,1,0,1,0,1,0,1,1,1,0,0,1,1,0,1,1,1,1,1,1,1,0,1,1,1,0,0,0,0,0,1,0,0,0,1,0,0,1,0,1
s0014_0,0,0,0,0,1,1,1,1,0,0,0,0,0,0,0,1,1,0,0,1,0,0,0,0,1,0,1,0,1,0,0,1,0,0,0,0,0,0,1,0,0,0,0,1,1,1,1,1,1,1,1
s0015_0,0,1,1,0,0,1,1,1,1,1,1,1,0,0,1,0,1,1,0,1,0,1,1,0,0,0,1,0,0,0,1,1,0,1,0,0,0,0,0,0,1,0,1,0,1,1,0,1,0,1,0
s0016_0,0,0,0,1,0,0,1,1,1,1,1,1,0,1,0,0,0,0,0,0,1,1,1,0,1,1,1,0,0,1,0,0,0,1,0,1,0,1,0,0,0,1,0,0,1,1,0,1,0,1,0
s0017_0,0,0,0,1,0,1,0,0,1,0,1,1,0,0,1,0,1,0,0,0,0,0,1,0,1,1,1,1,1,1,1,1,0,1,1,1,0,1,1,1,1,0,1,0,1,0,0,1,0,1,0
s0018_0,0,0,0,1,1,1,1,1,0,1,0,0,0,0,1,0,0,1,0,0,1,0,0,1,1,1,1,1,1,0,0,0,0,1,0,1,1,1,0,1,1,1,0,0,1,1,1,1,1,1,0
s0019_0,0,0,0,1,0,0,1,1,1,1,0,0,1,0,1,1,0,1,1,1,1,1,1,0,0,0,1,1,0,1,0,1,0,1,0,1,0,1,1,0,1,1,0,0,0,0,0,1,0,1,0
s0020_0,0,0,0,0,1,0,0,1,1,0,0,0,1,0,0,0,0,0,0,0,0,1,0,1,1,0,1,1,1,0,0,0,0,1,1,1,1,0,1,1,1,1,1,1,0,0,1,0,1,1,1
s0021_0,0,0,0,1,1,1,0,1,1,0,1,0,0,0,0,0,1,0,0,0,0,1,1,0,0,1,0,1,0,1,0,1,0,1,0,0,1,1,1,0,0,0,0,1,0,0,0,1,0,1,0
s0022_0,0,1,1,1,0,1,1,0,0,1,1,0,0,0,0,1,0,0,0,1,1,1,1,0,0,0,0,1,1,0,1,0,0,0,1,0,0,0,1,0,1,1,0,1,1,1,1,0,1,1,0
s0023_0,0,1,1,0,1,0,1,1,1,0,0,0,0,0,0,0,1,1,0,0,0,1,0,1,0,0,0,0,0,0,0,1,1,0,0,0,1,1,1,1,1,1,0,0,0,0,1,0,1,1,1
s0024_0,0,1,1,0,0,0,0,0,0,1,0,0,0,1,1,0,0,0,1,1,0,1,1,1,0,1,0,0,1,1,0,0,1,0,1,0,1,0,1,0,0,1,1,1,0,0,0,0,1,1,0
s0025_0,0,0,0,0,0,0,0,1,1,0,1,0,0,1,1,1,0,0,1,1,1,0,1,1,0,1,0,0,1,1,0,0,1,0,1,0,1,0,0,1,0,0,0,1,1,0,0,0,0,1,0
s0026_0,0,1,1,0,0,1,1,1,0,0,0,1,1,1,0,0,1,0,1,1,0,1,0,1,0,1,0,1,1,0,1,0,0,1,0,0,0,1,0,1,1,0,1,1,1,0,1,0,1,0,0
s0027_0,0,0,0,1,0,1,1,1,1,1,1,1,1,1,0,0,0,1,0,0,0,0,0,0,0,0,0,0,0,1,0,0,1,0,0,0,1,0,1,1,0,0,0,1,0,1,1,1,1,0,0
s0028_0,0,0,0,1,0,0,0,1,0,1,0,0,0,1,0,0,1,0,0,0,1,0,1,0,0,0,1,1,0,1,1,1,1,1,0,1,1,0,0,0,1,0,0,1,0,1,0,0,0,0,0
s0029_0,0,1,1,0,1,0,1,1,1,0,1,0,1,0,0,0,0,1,0,0,1,0,0,1,0,0,1,0,0,0,0,1,0,1,0,1,0,0,1,0,0,0,1,1,1,0,1,1,1,1,1
s0030_0,0,0,0,1,1,0,0,1,1,1,1,0,0,1,1,0,0,1,1,0,1,0,0,0,1,0,1,1,1,1,0,0,1,0,1,0,0,0,1,0,1,1,1,0,1,1,1,1,1,0,1
s0031_0,0,1,1,0,1,1,1,0,0,1,1,1,1,1,1,1,0,0,1,1,1,0,0,1,1,1,1,0,1,0,0,1,0,1,0,1,0,0,1,1,1,0,1,0,0,0,1,1,1,0,0
s0032_0,0,0,0,1,1,1,0,0,0,0,1,0,1,1,1,0,0,0,1,1,0,0,1,1,1,1,1,0,1,0,1,1,0,0,1,1,1,0,0,0,1,1,0,0,0,1,0,1,0,1,0
s0033_0,0,1,1,0,1,1,0,1,1,0,1,1,0,0,1,1,0,1,1,1,1,0,1,0,1,0,0,0,1,0,1,1,0,0,1,1,0,1,0,1,0,0,1,1,1,0,0,0,1,0,0
s0034_0,0,0,0,1,1,0,0,0,1,1,0,1,0,0,0,1,1,0,0,0,1,1,1,1,0,1,0,0,0,0,1,1,1,0,1,1,0,0,1,0,0,0,0,1,1,0,1,0,0,0,1
s0035_0,0,0,0,0,1,1,1,1,1,0,1,0,0,0,1,0,1,0,1,0,0,0,0,1,0,1,1,0,1,0,1,0,0,1,0,0,0,0,1,0,1,1,0,0,1,1,0,1,1,1,1
s0036_0,0,1,1,1,0,1,0,0,0,1,0,0,1,0,1,0,0,1,1,0,1,0,1,1,0,1,0,1,0,1,1,1,1,1,0,1,0,1,1,1,1,0,0,0,1,1,1,0,1,1,0
s0037_0,0,1,1,0,0,0,0,0,0,0,0,0,0,1,0,1,1,1,1,1,1,0,0,0,1,1,1,1,0,1,1,1,0,1,0,1,1,1,0,1,1,1,0,0,1,0,1,1,1,1,0
s0038_0,0,0,0,1,0,0,1,1,1,1,1,1,0,0,1,0,0,0,0,1,0,0,0,1,1,1,0,1,0,1,1,0,0,1,1,1,1,0,1,1,0,1,1,1,0,0,0,1,0,0,0
s0039_0,0,1,1,0,1,1,0,1,1,1,0,1,0,0,1,0,0,1,1,0,1,0,1,0,1,1,1,0,1,0,1,1,0,1,0,0,1,0,1,0,0,0,0,1,1,0,1,0,0,0,1
s0040_0,0,0,0,0,1,0,1,0,1,0,1,0,1,0,1,1,1,1,0,0,1,1,0,1,1,0,0,1,1,0,0,1,1,1,1,1,0,1,1,0,1,1,0,1,1,0,0,1,1,0,1
s0041_0,0,1,1,0,0,1,0,0,1,1,0,1,0,1,0,0,0,1,0,1,0,0,0,0,1,0,0,1,1,0,0,0,1,1,1,0,0,0,0,0,0,0,1,0,1,0,1,1,1,0,1
s0042_0,0,1,1,0,1,0,1,1,0,1,0,1,1,0,1,0,1,1,0,1,0,0,1,1,1,1,1,1,0,1,0,0,1,1,1,0,0,0,1,0,1,1,0,0,0,1,0,1,0,1,1
s0043_0,0,0,0,0,1,0,0,1,0,1,1,1,0,1,0,1,0,1,0,0,0,0,1,0,0,0,0,0,1,1,1,0,0,0,0,0,1,0,0,0,1,1,0,0,1,0,1,1,0,1,0
s0044_0,0,1,1,1,1,1,0,1,0,1,0,1,1,1,0,0,1,1,0,1,1,0,0,0,0,0,0,1,0,0,1,1,1,1,1,1,0,1,1,1,1,0,1,1,0,0,0,1,0,0,1
s0045_0,0,0,0,0,0,0,1,0,1,0,1,1,1,0,0,0,0,1,0,1,1,0,0,1,1,1,1,0,1,1,1,1,0,1,0,0,1,1,0,0,1,0,1,0,1,1,1,0,0,1,0
s0046_0,0,1,1,0,1,1,1,1,1,1,0,0,0,0,1,1,1,0,0,0,0,0,0,1,0,1,1,1,0,0,1,0,1,0,1,0,1,1,1,1,0,1,1,0,1,0,0,0,1,1,1
s0047_0,0,0,0,0,1,1,1,0,0,0,1,0,0,1,0,0,0,1,1,1,1,1,0,1,1,0,0,1,1,1,0,0,0,0,0,1,0,1,0,0,0,0,1,1,0,0,1,0,0,1,1
s0048_0,0,1,1,1,1,0,1,1,1,0,0,1,1,0,0,0,1,0,1,1,1,0,0,1,0,1,0,1,1,0,0,1,1,1,1,1,1,0,1,1,0,1,1,0,0,0,0,1,0,0,1
s0049_0,0,1,1,0,1,0,0,0,1,1,0,1,1,0,0,1,0,1,1,0,1,0,0,0,0,1,0,0,1,1,1,1,0,0,1,0,1,0,0,1,0,0,1,1,1,0,0,0,0,1,1
s0050_0,0,0,0,1,0,0,1,1,0,1,1,1,0,1,1,1,1,1,1,1,1,1,1,0,1,1,0,0,0,0,1,0,0,0,0,0,1,0,1,1,1,1,0,0,1,0,0,1,1,0,1
s0051_0,0,0,0,0,1,0,0,0,0,1,0,0,0,0,0,0,1,0,0,0,1,0,0,0,1,1,0,0,1,0,0,0,1,0,1,1,1,1,0,1,0,1,1,0,0,1,0,0,1,0,1
s0052_0,0,0,0,0,1,0,0,1,1,1,1,0,0,0,1,1,0,1,0,1,0,0,0,1,0,1,0,1,0,1,0,1,0,1,1,0,1,0,1,0,1,1,1,0,1,1,1,1,1,1,0
s0053_0,0,0,0,0,1,1,0,1,0,1,1,0,1,1,0,0,1,1,1,0,0,1,1,1,1,0,1,1,1,1,0,0,0,0,0,0,1,1,1,1,1,0,1,1,0,0,1,1,1,1,0
s0054_0,0,0,0,0,0,1,0,0,0,1,0,1,1,1,1,0,0,1,0,1,0,0,1,0,0,0,0,0,1,1,0,1,1,0,1,0,1,1,0,0,1,1,1,1,0,0,0,0,1,1,1
s0055_0,0,0,0,1,0,0,1,0,0,0,0,1,0,1,1,0,1,1,1,1,1,1,0,1,1,1,0,0,1,1,0,0,1,1,1,0,1,0,0,0,0,1,1,1,0,1,1,0,0,0,0
s0056_0,0,0,0,0,1,1,0,0,0,0,0,0,0,1,0,0,0,1,0,0,1,0,1,0,1,0,1,0,0,0,1,0,1,1,0,1,1,0,1,1,1,0,0,0,1,0,0,1,1,0,0
s0057_0,0,0,0,1,0,0,0,1,1,0,0,0,0,0,0,1,0,1,1,0,1,0,1,0,0,0,0,0,0,0,0,0,1,0,0,1,1,0,1,1,1,1,1,1,0,0,0,0,1,1,0
s0058_0,0,0,0,0,0,1,1,1,0,1,0,1,0,1,1,1,1,1,0,1,1,1,1,0,1,1,1,0,1,1,1,0,1,1,0,0,0,1,0,0,1,1,0,0,1,1,1,1,0,0,0
s0059_0,0,1,1,1,0,0,1,0,0,1,0,1,1,0,1,0,0,0,1,1,0,1,1,0,0,1,0,0,1,1,1,0,0,0,1,1,0,1,1,1,1,1,1,0,0,0,1,1,0,0,0
s0060_0,0,1,1,1,1,0,0,1,0,1,1,1,1,0,1,0,1,0,0,0,0,0,0,0,0,1,1,1,0,0,1,1,0,0,0,0,0,0,0,0,0,1,1,1,0,0,1,1,0,0,1
s0061_0,0,1,1,1,0,1,1,0,1,1,0,1,0,0,0,0,0,0,0,0,0,1,1,1,0,0,1,0,0,1,0,0,0,0,0,0,1,0,1,1,0,0,1,1,0,0,0,0,1,0,0
s0062_0,0,1,1,0,0,0,1,1,1,1,0,1,1,1,1,1,0,1,0,0,1,1,1,0,0,0,1,1,1,1,1,1,0,0,0,1,0,0,1,0,0,1,1,1,0,1,0,1,0,1,0
s0063_0,0,1,1,0,1,0,0,0,1,0,1,1,0,0,0,0,0,0,0,0,1,0,1,1,0,1,0,0,1,1,1,0,1,0,0,1,0,1,1,0,1,1,1,1,1,1,1,0,0,1,1
s0064_0,0,1,1,1,1,1,1,0,1,0,0,0,1,1,1,0,1,0,0,1,0,1,0,1,1,1,0,1,1,0,0,1,1,1,0,1,1,1,0,0,1,1,1,1,0,0,0,0,1,0,0
s0065_0,0,1,1,0,1,1,1,1,0,1,0,1,0,1,0,0,0,0,0,0,0,0,0,1,1,0,1,1,1,1,0,1,1,1,0,0,0,1,0,1,1,0,0,0,0,0,0,1,1,1,0
s0066_0,0,1,1,1,1,1,1,0,0,1,1,1,1,0,0,1,0,1,1,0,0,1,1,0,0,0,0,1,0,1,0,1,0,0,0,1,0,1,0,1,1,1,1,0,0,1,0,0,0,1,1
s0067_0,0,0,0,1,0,1,0,0,1,0,1,0,1,0,1,1,1,0,1,0,0,0,0,0,0,0,0,0,1,1,1,1,0,0,0,1,0,1,1,1,0,1,1,1,1,1,1,0,1,1,1
s0068_0,0,1,1,0,0,1,1,1,0,1,0,1,0,0,0,0,0,1,0,1,0,1,1,0,1,0,0,1,1,1,1,1,0,0,1,0,0,0,0,0,0,1,0,0,0,0,0,0,1,1,0
s0069_0,0,1,1,1,1,1,1,1,1,1,0,0,1,1,0,1,1,1,1,1,1,1,1,1,1,1,1,1,0,0,0,1,1,0,0,1,0,0,0,0,0,0,0,1,0,1,1,1,0,1,0
s0070_0,0,1,1,1,0,1,1,1,1,1,1,0,0,1,0,0,1,1,0,0,0,0,0,1,1,1,1,0,0,1,1,0,0,0,1,1,1,1,0,0,1,0,1,1,0,0,1,0,0,0,1
s0071_0,0,0,0,1,1,1,1,1,1,1,1,1,0,1,1,0,0,1,1,0,0,1,0,0,0,1,1,0,1,0,1,1,0,1,1,1,1,1,1,1,1,1,0,1,0,0,1,1,1,0,1
s0072_0,0,1,1,0,0,1,0,1,0,1,0,1,1,1,1,1,1,1,1,0,1,0,0,1,0,1,0,0,1,0,0,1,0,0,0,0,1,1,1,0,1,1,0,1,0,1,1,1,0,0,1
s0073_0,0,1,1,0,0,1,0,0,1,1,1,0,1,0,1,1,1,1,1,0,1,1,0,0,0,1,0,0,1,1,1,1,0,0,0,1,0,0,0,0,0,0,0,1,1,0,0,0,0,1,1
s0074_0,0,1,1,0,0,1,1,0,1,0,1,0,0,0,0,0,1,0,0,1,0,1,1,0,0,0,0,0,1,0,0,0,0,0,0,0,0,0,1,1,1,0,0,1,1,0,0,1,1,1,0
s0075_0,0,1,1,0,0,1,1,1,0,1,1,1,1,1,0,0,0,0,1,0,0,0,1,0,1,1,0,1,1,0,1,1,0,1,1,0,0,0,0,0,1,0,0,0,1,0,0,1,0,0,0
s0076_0,0,1,1,1,0,1,0,0,1,0,0,0,0,1,0,1,0,1,1,0,1,0,0,1,0,1,0,0,0,0,0,0,1,0,0,0,1,0,0,1,1,1,1,0,1,1,1,0,1,1,0
s0077_0,0,1,1,0,1,1,1,0,1,1,1,1,0,0,1,0,1,0,1,0,0,0,0,0,0,1,0,0,1,0,0,0,1,1,0,0,1,0,1,0,0,0,0,0,1,1,0,0,1,1,0
s0078_0,0,0,0,0,1,1,0,0,1,0,1,1,0,0,1,1,0,1,1,1,0,1,0,1,1,1,0,1,1,0,0,0,0,0,1,0,0,1,0,1,1,1,0,0,1,0,1,1,1,1,1
s0079_0,0,0,0,0,0,0,1,0,0,0,0,1,1,0,0,1,0,1,0,0,0,0,1,1,0,1,0,0,1,1,0,1,1,1,0,1,1,0,1,0,1,0,0,1,1,1,0,1,0,0,0
s0080_0,0,1,1,0,0,1,0,0,1,1,0,0,0,1,0,1,1,1,0,0,0,1,1,1,1,0,1,1,1,1,1,0,1,0,0,1,0,0,0,0,1,1,1,0,1,0,0,1,0,0,0
s0081_0,0,1,1,0,0,1,0,0,1,0,0,0,0,0,1,0,0,0,1,0,0,1,0,1,1,1,1,0,1,1,1,1,0,0,1,0,1,0,0,0,0,1,0,0,0,0,0,1,1,1,1
s0082_0,0,1,1,1,0,0,0,0,1,1,1,1,1,0,1,1,1,0,1,1,1,1,0,1,0,0,1,0,0,0,0,1,0,0,1,1,1,1,0,1,0,1,0,0,1,0,1,0,1,0,0
s0083_0,0,1,1,1,0,0,0,1,0,1,0,0,1,1,0,1,0,0,0,1,1,1,0,0,0,1,0,1,1,0,0,0,1,0,1,0,0,1,0,0,0,1,0,1,1,1,1,0,1,0,0
s0084_0,0,0,0,1,1,1,1,0,0,1,0,0,1,0,0,0,0,0,1,1,1,0,1,1,0,1,1,1,0,1,1,0,0,0,0,0,1,1,0,1,1,0,1,1,0,1,1,0,0,1,1
s0085_0,0,1,1,1,1,0,1,0,0,1,0,1,0,0,0,1,0,1,1,1,1,1,1,0,0,1,0,1,0,0,1,0,1,0,1,0,0,0,0,1,1,1,1,0,0,0,0,0,0,0,0
s0086_0,0,1,1,1,1,0,1,1,1,0,1,1,0,0,1,1,0,1,1,0,1,0,1,1,1,1,1,1,0,1,1,1,1,1,1,1,1,1,0,0,1,0,1,0,1,0,1,1,1,0,1
s0087_0,0,1,1,0,0,1,1,0,0,0,1,1,1,1,0,1,0,0,0,1,0,1,1,1,1,0,1,1,0,1,0,1,1,0,1,1,1,1,0,1,1,1,0,0,0,1,1,1,0,0,0
s0088_0,0,1,1,1,1,1,0,0,1,1,0,1,0,0,0,1,1,1,1,1,1,0,1,1,1,1,0,1,0,0,1,0,0,1,0,1,0,1,0,0,1,0,0,1,1,0,1,1,0,0,0
s0089_0,0,1,1,0,0,1,1,0,1,0,1,0,1,0,1,1,1,1,0,0,0,1,1,1,0,1,1,1,0,0,1,1,1,1,1,0,1,0,1,0,0,0,1,0,0,0,1,0,1,0,0
s0090_0,0,1,1,0,1,0,1,0,1,1,0,0,1,0,1,0,1,1,0,0,1,0,1,1,1,0,1,0,0,0,0,1,1,0,1,0,0,0,0,0,0,0,1,0,1,1,1,0,0,1,1
s0091_0,0,0,0,0,0,1,0,0,1,1,1,0,1,1,0,1,1,0,0,0,0,0,0,0,0,0,0,0,1,1,1,0,0,1,0,1,1,1,1,1,0,0,0,1,1,1,0,1,1,0,0
s0092_0,0,1,1,1,0,0,1,0,0,0,1,1,0,1,0,0,0,1,1,0,1,0,0,0,1,1,0,1,1,1,1,1,0,1,1,1,0,1,0,0,0,0,0,1,0,1,1,1,1,0,1
s0093_0,0,0,0,1,1,1,0,0,1,1,1,1,1,0,1,0,1,1,1,0,1,0,0,1,1,1,1,1,0,0,0,1,1,0,1,0,1,0,1,1,0,0,0,0,1,1,1,0,1,0,0
s0094_0,0,1,1,0,0,0,0,1,1,1,0,1,1,0,0,0,0,0,1,0,0,1,0,1,0,1,0,1,0,0,1,0,0,1,1,1,1,1,0,0,0,1,1,1,0,0,1,0,1,0,0
s0095_0,0,0,0,0,1,1,1,1,0,1,0,0,0,0,1,1,0,0,1,1,0,0,0,1,0,0,0,1,1,0,1,0,1,1,0,1,1,1,0,0,1,0,0,0,0,0,0,1,0,0,0
s0096_0,0,1,1,0,1,0,0,0,0,1,0,1,0,1,1,1,1,0,1,1,0,0,1,0,1,0,1,0,1,1,1,0,0,1,1,0,1,0,0,0,1,0,0,1,1,1,0,1,1,0,1
s0097_0,0,0,0,1,1,1,1,0,0,0,1,0,0,1,0,1,1,0,0,1,0,1,0,1,1,1,1,0,0,1,0,1,0,1,1,1,1,0,0,1,1,0,1,0,0,1,0,0,0,0,0
s0098_0,0,0,0,1,0,0,1,1,1,1,1,0,0,1,1,1,1,0,0,0,1,0,0,1,0,0,1,0,0,0,0,1,1,0,0,1,1,0,0,0,1,0,1,0,0,1,0,0,1,0,0
s0099_0,0,1,1,1,0,0,0,0,0,1,1,1,1,1,0,0,0,1,0,0,1,1,0,1,0,0,1,0,1,0,0,1,0,1,0,1,0,0,0,1,1,0,0,0,0,0,0,0,0,1,1
s0100_0,0,0,0,0,1,0,0,1,1,1,0,0,0,1,1,0,1,0,0,0,1,1,1,1,1,1,1,0,1,1,0,0,1,0,1,1,0,0,1,0,1,1,1,0,1,1,0,0,1,1,1
s0101_0,0,0,0,1,0,0,1,1,1,0,1,1,1,0,0,0,0,0,1,0,0,1,0,1,0,0,1,0,0,0,1,0,0,1,0,0,0,1,0,1,0,1,0,0,0,1,0,0,1,1,1
s0102_0,0,0,0,0,0,0,1,1,1,1,0,1,1,0,1,1,0,1,1,0,1,0,0,0,1,1,1,1,0,1,0,0,0,0,0,0,1,0,1,0,1,0,1,1,1,1,1,0,1,0,0
s0103_0,0,1,1,1,1,0,1,1,1,0,0,1,1,0,0,1,0,0,0,1,0,0,0,0,0,0,1,0,1,1,1,0,0,0,0,1,0,1,1,1,1,0,1,0,1,1,1,0,0,1,1
s0104_0,0,1,1,1,0,1,0,1,1,1,1,1,1,1,1,0,1,1,1,0,0,1,1,1,1,0,0,1,0,1,1,1,1,0,0,0,1,0,0,0,0,0,0,0,0,0,0,0,1,0,0
s0105_0,0,1,1,0,1,1,1,0,1,0,1,0,1,1,1,0,1,0,1,0,0,1,0,0,0,0,0,0,0,1,1,1,1,0,1,0,1,1,1,0,0,0,0,1,1,1,1,0,1,1,1
s0106_0,0,0,0,0,0,0,1,1,0,1,1,0,1,1,1,1,1,1,1,1,1,1,1,0,0,0,1,0,1,1,0,0,0,0,0,1,0,1,1,1,1,1,1,1,1,0,0,1,0,0,1
s0107_0,0,0,0,1,0,1,1,1,0,0,1,1,0,1,0,1,1,1,1,1,0,1,1,0,1,0,0,1,1,0,1,0,0,1,0,0,0,1,0,0,0,0,0,0,1,0,1,0,1,0,0
s0108_0,0,0,0,0,0,1,0,0,1,1,0,0,1,1,0,1,0,1,1,1,1,0,0,1,0,1,0,0,0,0,1,0,1,1,1,0,0,1,1,0,1,0,0,0,1,0,1,1,0,0,1
s0109_0,0,0,0,1,0,1,1,0,0,1,1,0,0,0,1,1,0,0,0,0,0,0,1,1,0,1,0,1,1,1,1,1,0,0,1,1,0,1,1,0,1,0,1,1,1,1,0,1,1,1,1
s0110_0,0,1,1,0,0,0,1,0,0,1,0,0,1,1,1,1,1,0,0,1,1,0,0,1,1,1,0,1,0,1,1,0,1,1,0,1,1,0,1,0,1,1,0,1,1,1,0,0,1,0,0
s0111_0,0,1,1,0,0,0,0,1,1,0,0,0,0,1,0,1,0,0,0,1,1,0,0,1,0,0,0,1,0,0,0,0,1,1,0,1,1,1,0,0,0,1,1,0,0,0,0,1,0,0,0
s0112_0,0,0,0,1,1,1,0,1,1,0,0,1,1,1,0,0,1,0,1,0,1,0,0,0,0,1,0,0,0,1,1,1,1,0,1,1,1,0,1,0,1,0,0,0,0,0,1,0,1,0,1
s0113_0,0,0,0,0,0,1,0,1,0,1,1,0,0,0,0,1,0,0,0,0,0,1,0,0,1,1,1,0,0,1,1,1,1,1,0,0,1,0,1,0,0,1,0,0,1,0,1,1,1,0,1
s0114_0,0,0,0,1,1,1,1,1,0,0,0,0,1,1,1,1,1,1,1,1,1,1,0,1,0,1,0,0,1,1,1,0,0,0,0,0,1,0,1,1,1,0,1,1,1,1,1,1,0,0,1
s0115_0,0,0,0,1,1,1,1,1,0,0,0,1,1,0,0,0,1,1,1,1,0,0,0,1,0,0,1,1,1,0,0,0,0,0,0,1,0,1,1,0,1,0,0,1,1,1,1,0,1,1,1
s0116_0,0,0,0,1,0,1,1,1,1,1,0,0,0,1,1,0,1,0,1,0,1,0,1,1,0,1,1,1,0,1,0,0,0,1,1,1,1,0,0,0,0,1,1,1,0,1,0,1,1,1,1
s0117_0,0,0,0,1,1,0,1,1,0,1,1,1,1,1,0,1,1,1,0,0,1,0,0,0,0,0,0,1,0,0,0,0,1,0,1,0,0,1,1,1,0,0,1,0,1,0,0,1,0,1,1
s0118_0,0,1,1,0,1,0,0,1,1,0,0,1,0,0,0,1,0,1,0,1,1,1,1,0,0,1,1,1,0,1,1,0,0,0,0,0,1,1,0,0,0,1,1,1,1,1,0,0,1,0,1
s0119_0,0,1,1,1,1,1,0,1,0,1,0,0,1,1,1,0,0,1,0,0,0,1,0,0,1,0,0,1,0,1,0,0,1,0,1,1,1,1,1,0,0,1,0,0,0,1,0,0,0,1,1
s0120_0,0,1,1,0,0,1,0,1,1,1,1,0,0,0,0,1,0,1,0,1,0,0,1,0,0,1,0,0,0,0,0,0,0,1,1,1,0,0,0,1,0,0,1,0,0,0,1,0,0,0,0
s0121_0,0,0,0,0,0,0,0,1,1,0,0,1,1,1,1,1,1,1,0,1,1,0,1,0,0,1,1,0,0,1,0,0,0,1,1,1,1,1,0,0,1,0,1,0,1,1,1,0,1,0,0
s0122_0,0,1,1,1,0,1,0,0,0,0,0,1,0,1,0,1,1,1,1,1,0,1,1,0,0,0,1,0,0,1,0,0,1,1,0,0,1,0,0,1,1,1,0,0,0,0,0,0,1,1,1
s0123_0,0,0,0,0,1,1,1,0,0,0,0,1,1,0,0,1,0,1,0,0,0,0,1,1,1,0,1,0,0,1,1,0,1,1,1,0,0,0,1,1,0,0,0,1,0,0,1,1,0,1,1
s0124_0,0,1,1,0,1,1,0,1,0,0,0,1,1,0,1,1,0,0,0,1,1,1,1,0,0,1,0,1,0,1,1,1,1,0,1,0,0,0,0,0,1,1,1,0,0,0,0,0,0,0,1
s0125_0,0,0,0,1,1,0,1,1,1,0,0,0,0,1,0,0,0,0,1,1,0,1,0,0,1,0,1,1,1,1,0,1,0,1,1,1,0,1,1,0,1,1,1,0,0,1,1,1,0,0,0
s0126_0,0,0,0,0,1,0,1,1,0,0,0,0,1,1,1,0,0,0,1,0,1,0,0,0,0,1,0,0,1,0,0,0,0,0,1,0,0,0,1,1,1,1,1,0,0,0,1,1,1,0,1
s0127_0,0,1,1,0,0,0,0,1,1,0,0,1,1,0,0,0,0,1,1,0,1,0,1,0,1,1,1,1,0,1,1,0,1,1,0,0,1,1,0,0,1,0,1,0,1,0,0,0,0,1,0
s0128_0,0,0,0,0,0,0,0,0,0,0,1,0,1,0,1,1,1,0,0,0,0,1,0,0,0,1,0,0,0,1,0,1,1,1,0,1,0,1,0,0,0,1,0,0,0,1,1,1,1,1,0
s0129_0,0,1,1,1,1,1,1,1,1,1,0,1,0,0,1,0,0,0,1,1,1,0,0,0,1,1,0,1,0,0,1,1,1,1,0,1,1,0,1,0,1,0,0,1,1,0,0,0,1,1,1
s0130_0,0,0,0,1,1,0,1,1,0,1,0,1,0,1,1,0,1,1,1,0,1,1,0,1,0,1,1,1,0,1,1,0,1,1,0,1,0,0,0,0,0,0,1,1,1,1,0,1,0,1,1
s0131_0,0,1,1,1,0,1,1,1,0,0,0,0,1,1,1,0,1,0,0,0,1,0,0,0,1,0,0,1,1,1,0,0,0,0,0,0,1,1,0,0,1,1,1,0,0,0,0,1,1,0,0
s0132_0,0,1,1,1,0,0,0,0,1,0,0,0,1,0,1,1,1,1,0,1,0,1,1,1,0,0,0,0,1,1,0,1,1,1,1,1,1,1,0,0,1,1,0,0,1,1,1,0,0,1,1
s0133_0,0,0,0,1,1,0,1,1,1,1,0,0,1,1,0,0,0,0,0,1,0,0,0,0,1,1,0,0,0,0,0,1,1,1,0,0,0,0,1,0,1,0,1,0,0,0,1,1,0,0,1
s0134_0,0,1,1,1,1,1,0,1,1,0,1,1,0,1,1,1,0,0,1,0,1,1,0,1,1,0,1,0,1,1,0,0,1,1,0,1,0,1,1,0,0,0,1,0,1,0,0,0,0,0,1
s0135_0,0,0,0,1,1,1,0,1,1,1,0,1,0,0,1,1,1,1,0,0,0,1,0,1,1,0,0,1,0,1,1,1,0,0,0,0,1,1,0,0,0,1,0,1,0,0,1,0,0,1,0
s0136_0,0,1,1,0,1,1,1,1,1,1,0,1,1,1,0,1,0,1,0,0,1,0,1,1,0,0,1,0,1,1,0,0,1,1,0,0,0,1,1,0,1,1,1,1,0,0,0,0,1,0,0
s0137_0,0,1,1,0,1,1,1,0,0,1,1,1,0,1,1,1,0,1,0,0,0,0,0,0,1,1,0,0,1,0,0,0,1,1,1,0,0,0,0,0,0,1,1,0,1,0,1,1,0,0,1
s0138_0,0,1,1,1,0,1,0,0,1,1,1,0,0,0,0,1,1,1,0,0,1,1,0,0,1,1,1,0,0,0,1,0,1,1,0,1,0,1,0,1,0,1,0,0,0,1,0,0,0,0,0
s0139_0,0,1,1,1,1,1,1,1,0,1,0,0,1,0,1,1,0,1,0,0,0,1,0,1,1,0,0,0,1,1,1,1,0,0,1,0,1,0,0,0,0,0,0,0,1,0,1,0,0,1,1
s0140_0,0,1,1,0,1,0,1,1,1,1,0,1,0,0,0,1,1,0,1,1,0,1,1,1,1,0,1,0,0,0,1,1,0,1,0,1,0,1,1,1,0,1,1,0,1,0,1,1,1,0,0
s0141_0,0,1,1,0,1,1,1,0,1,1,1,0,0,0,1,0,0,1,0,1,1,1,1,0,0,1,0,1,0,0,0,0,0,0,1,1,1,0,0,0,0,0,1,0,1,0,0,0,0,1,0
s0142_0,0,0,0,0,0,0,1,1,0,1,1,0,0,1,1,1,0,0,1,1,0,0,1,0,1,0,0,0,1,0,0,0,1,1,1,0,1,0,1,1,0,0,1,1,0,1,1,1,0,1,1
s0143_0,0,1,1,0,0,0,0,1,1,1,0,0,0,0,0,1,0,1,1,1,0,1,0,1,1,1,0,1,1,1,1,0,1,0,0,1,1,1,1,0,1,0,0,0,1,1,0,1,0,0,1
s0144_0,0,0,0,0,1,0,0,0,0,1,1,1,0,0,1,0,1,1,0,0,1,1,0,0,1,1,1,1,1,0,0,1,1,1,1,1,1,1,1,0,0,0,0,0,1,1,1,1,0,0,1
s0145_0,0,0,0,1,1,1,1,1,0,1,1,1,0,1,1,1,0,1,1,1,1,1,1,1,1,0,1,1,1,1,1,0,1,1,0,0,1,1,1,0,0,0,0,1,1,1,1,0,0,0,1
s0146_0,0,1,1,1,0,0,0,1,0,0,1,0,0,1,1,1,1,1,0,1,0,0,1,1,0,0,0,0,0,1,1,0,1,1,1,0,1,1,0,0,1,0,0,1,1,1,1,1,0,0,1
s0147_0,0,1,1,0,1,0,1,1,1,1,0,1,1,1,0,0,1,1,0,1,1,1,0,0,0,0,1,1,1,1,1,0,1,1,0,0,1,1,1,0,1,0,0,1,0,1,1,1,0,0,1
s0148_0,0,0,0,0,0,1,1,1,1,0,1,1,0,1,1,0,1,1,0,1,0,0,0,1,0,1,0,0,1,1,0,1,1,0,0,1,1,1,0,1,0,1,1,1,1,0,1,0,1,0,0
s0149_0,0,1,1,1,1,0,0,1,0,1,1,1,1,1,0,1,1,1,1,1,1,1,0,0,0,1,1,0,0,1,0,0,1,1,0,0,0,1,0,1,1,1,1,1,0,0,1,0,1,0,1
s0150_0,0,0,0,1,1,0,1,0,1,1,0,0,0,0,1,0,0,1,0,1,1,0,1,0,1,1,1,0,1,0,1,1,0,0,1,1,1,0,1,0,0,1,1,1,0,0,1,1,1,0,0
s0151_0,0,0,0,0,1,0,0,0,1,1,1,0,1,0,1,1,0,1,1,0,1,0,0,0,0,1,1,0,1,1,1,0,0,1,0,0,0,1,1,1,1,0,1,1,0,0,0,1,1,1,0
s0152_0,0,1,1,0,1,1,1,0,0,1,1,1,0,0,0,1,1,1,1,1,1,1,0,0,0,1,1,0,0,1,0,1,1,1,1,0,0,0,1,0,0,0,0,1,1,1,1,1,0,0,0
s0153_0,0,1,1,1,0,0,1,0,1,0,1,1,0,1,0,1,1,0,1,0,1,0,0,1,0,1,1,0,0,0,0,1,1,1,0,0,1,1,1,1,0,1,1,1,0,0,1,1,0,0,0
s0154_0,0,0,0,0,1,0,1,1,1,1,0,1,0,1,0,0,1,0,1,0,0,0,1,0,0,1,1,0,1,0,1,0,0,1,0,0,0,1,0,0,1,1,1,1,1,1,0,0,1,0,0
s0155_0,0,0,0,1,1,0,0,1,0,0,1,1,1,0,0,1,1,1,0,1,0,0,1,1,1,1,1,1,0,0,1,0,1,0,0,0,0,1,1,0,0,1,0,1,1,0,1,1,0,0,1
s0156_0,0,1,1,0,0,0,1,1,1,1,1,0,0,0,1,0,1,1,1,1,0,1,1,0,0,0,1,1,1,1,0,0,0,0,0,1,0,1,1,0,0,1,0,1,1,1,0,1,0,1,0
s0157_0,0,0,0,0,0,1,1,0,1,0,0,0,0,1,0,1,0,0,0,1,1,0,1,1,1,1,1,0,1,0,1,0,1,1,0,1,0,0,1,0,0,0,0,1,0,1,1,0,1,1,1
s0158_0,0,1,1,0,1,0,1,1,0,1,1,0,1,1,0,0,0,0,1,1,0,1,1,1,0,1,1,1,1,0,0,1,1,0,0,0,0,0,1,1,1,0,0,0,0,0,0,0,0,1,1
s0159_0,0,1,1,1,1,0,0,1,0,0,0,0,1,0,0,1,0,1,0,1,1,0,1,0,1,0,0,0,0,1,1,1,0,0,0,0,1,0,0,1,0,0,1,1,1,1,1,0,1,0,0
s0160_0,0,0,0,0,0,0,1,0,0,1,0,1,0,0,1,1,0,1,0,1,1,0,1,1,1,0,0,1,1,0,0,0,1,1,1,1,1,0,0,1,0,1,0,1,0,1,0,1,1,0,0
s0161_0,0,0,0,0,0,1,1,0,0,1,0,0,0,1,1,1,0,1,1,1,0,0,1,1,0,0,0,1,0,0,1,1,1,0,0,1,1,0,0,0,0,0,0,0,0,1,0,1,0,1,0
s0162_0,0,1,1,0,0,0,0,0,0,1,1,0,0,0,1,1,1,1,1,1,0,0,0,0,0,0,0,1,0,0,1,1,1,0,1,0,1,0,0,0,1,1,0,1,0,1,0,0,1,0,0
s0163_0,0,1,1,1,1,1,0,0,1,0,0,0,0,0,1,0,1,0,0,0,1,1,1,0,0,1,0,1,1,1,0,0,0,0,0,0,0,0,1,1,1,1,0,1,0,0,0,1,0,1,1
s0164_0,0,0,0,0,0,0,1,1,1,0,0,1,0,0,0,1,1,1,0,1,1,0,1,1,1,1,1,0,1,1,1,1,0,0,1,1,1,0,0,0,1,1,1,0,0,0,1,0,1,0,0
s0165_0,0,0,0,1,0,1,0,0,1,0,0,1,1,0,1,0,1,0,0,0,1,1,0,1,1,1,1,0,0,0,0,0,1,1,0,1,1,1,0,1,1,0,1,1,0,0,1,0,0,0,0
s0166_0,0,1,1,0,0,0,0,0,0,0,1,0,1,1,1,1,1,0,1,1,1,1,1,1,0,0,0,0,0,0,0,1,0,0,0,0,0,1,0,0,1,1,1,0,1,0,0,0,0,0,1
s0167_0,0,1,1,0,0,0,0,1,1,0,0,1,0,1,1,1,0,0,1,0,0,1,1,1,1,0,1,1,1,1,0,0,0,1,0,0,1,0,0,1,0,0,0,0,1,1,0,0,1,1,1
s0168_0,0,1,1,0,1,1,0,1,0,0,1,1,1,1,1,0,1,1,0,0,1,1,1,1,1,1,1,0,1,1,1,1,0,0,0,0,0,1,0,1,1,0,1,1,1,1,1,1,1,0,1
s0169_0,0,0,0,0,0,1,1,1,1,0,1,1,0,0,0,0,1,1,1,1,0,0,1,0,1,0,0,0,1,1,1,1,0,0,0,1,1,1,1,1,1,0,0,0,1,0,1,0,1,0,0
s0170_0,0,1,1,1,0,1,1,1,0,1,0,1,1,1,1,1,1,0,0,1,1,1,0,1,0,0,1,0,0,0,0,1,1,1,0,1,0,1,0,1,0,1,0,0,0,0,1,0,0,0,1
s0171_0,0,0,0,0,0,1,0,0,0,0,0,1,0,0,1,0,1,1,0,0,1,1,1,0,0,0,1,0,1,1,1,0,1,1,0,1,1,0,0,1,0,0,1,0,1,0,0,1,1,0,0
s0172_0,0,1,1,0,0,1,1,0,1,1,0,1,1,0,0,0,0,1,0,0,1,0,0,0,0,0,0,1,1,1,1,1,1,0,0,0,0,1,0,1,0,0,0,0,0,0,0,1,0,1,0
s0173_0,0,0,0,1,1,1,1,0,1,1,0,0,1,1,0,0,1,0,0,1,1,0,0,1,0,0,0,0,1,0,0,1,0,0,0,1,1,0,0,1,1,1,1,1,0,0,0,1,0,0,0
s0174_0,0,1,1,1,0,0,0,1,1,1,1,1,0,1,1,0,1,1,0,1,0,1,0,0,0,1,1,0,0,0,0,1,1,1,0,1,0,0,1,1,1,0,0,1,1,1,0,1,1,0,1
s0175_0,0,0,0,1,0,0,1,0,0,1,1,1,0,0,0,1,1,1,1,1,1,0,1,1,0,1,0,1,1,1,0,1,0,1,0,0,1,0,1,1,1,0,1,0,1,0,0,0,0,0,1
s0176_0,0,1,1,0,0,0,0,1,0,1,0,0,0,1,1,1,1,0,0,0,0,0,0,1,0,1,0,1,0,1,1,0,1,1,0,1,0,0,0,1,1,1,1,0,1,0,0,0,0,1,0
s0177_0,0,0,0,0,0,0,0,0,0,0,0,1,1,0,0,1,1,0,0,1,1,1,1,0,1,1,1,1,0,1,0,1,1,0,1,0,0,1,0,1,1,1,1,0,1,1,1,1,1,0,0
s0178_0,0,1,1,0,1,1,1,1,1,1,1,1,1,1,0,1,1,1,1,0,1,1,1,0,0,0,0,0,1,1,0,1,0,0,1,0,0,0,0,1,1,0,0,1,1,1,1,1,1,0,1
s0179_0,0,0,0,0,1,0,0,1,0,0,0,0,0,0,0,1,0,0,1,1,0,0,0,0,0,1,1,0,1,0,0,0,0,0,1,0,0,0,1,0,1,0,0,1,1,0,0,1,0,1,0
s0180_0,0,0,0,1,1,1,0,1,1,1,1,0,1,0,1,1,1,0,0,1,0,0,0,0,1,1,0,1,1,1,1,1,1,0,0,0,1,0,1,1,0,1,0,0,1,0,0,0,0,0,1
s0181_0,0,1,1,1,1,0,1,1,1,1,0,1,1,1,1,1,0,0,0,0,1,0,1,1,0,1,0,0,0,1,1,0,0,0,0,0,1,1,0,0,1,1,1,1,1,0,1,0,0,0,1
s0182_0,0,1,1,0,0,1,1,1,0,0,0,1,0,1,1,0,0,1,1,1,0,0,0,0,1,1,1,1,1,1,1,0,0,1,0,1,1,0,1,0,1,0,1,0,1,0,1,0,0,1,0
s0183_0,0,1,1,0,0,1,1,1,1,0,1,0,0,0,1,0,0,1,1,1,0,0,0,1,1,0,0,0,1,0,1,1,0,0,1,1,0,1,0,1,0,0,1,1,1,1,1,1,1,1,0
s0184_0,0,0,0,1,1,0,0,0,1,1,0,0,1,0,1,1,0,1,1,1,1,0,0,0,0,0,1,0,1,1,0,1,1,0,0,1,1,0,0,1,0,0,0,1,0,0,1,1,0,0,0
s0185_0,0,0,0,0,1,0,0,0,1,1,1,1,1,0,0,1,1,1,0,0,0,1,0,0,0,0,1,0,1,0,0,0,1,1,0,0,0,0,0,0,0,1,1,0,1,1,1,0,1,0,1
s0186_0,0,0,0,0,1,1,0,0,0,1,1,0,0,0,1,1,0,1,1,1,1,1,1,1,0,1,0,0,0,0,1,1,1,0,1,1,1,1,1,1,1,1,1,1,1,1,1,1,1,0,1
s0187_0,0,1,1,1,0,0,1,1,1,1,0,1,1,1,1,1,0,0,0,1,0,1,1,1,0,1,1,1,0,0,1,1,1,0,1,1,1,0,0,1,0,0,0,1,1,0,0,1,0,1,0
s0188_0,0,0,0,0,1,1,1,1,1,0,1,0,0,1,1,1,1,0,1,1,0,0,0,1,0,1,1,1,0,1,1,0,0,1,1,1,1,0,1,1,1,1,1,1,1,0,1,1,0,1,0
s0189_0,0,1,1,1,0,0,1,1,1,1,1,1,1,1,0,1,0,0,0,1,1,0,1,1,1,0,0,1,1,1,1,1,0,0,0,0,0,1,0,0,0,1,1,1,0,0,0,0,1,0,1
s0190_0,0,1,1,0,1,0,0,1,1,1,1,1,0,1,0,1,1,0,1,0,0,0,0,0,1,0,1,1,1,1,0,0,0,1,1,0,1,0,0,0,0,1,1,0,1,0,0,0,1,0,1
s0191_0,0,0,0,1,0,0,1,1,1,1,1,0,0,0,1,0,1,1,1,0,1,0,1,0,1,1,0,1,0,1,0,1,0,1,1,1,1,0,0,1,1,1,0,0,1,0,1,0,1,0,1
s0192_0,0,1,1,1,0,0,0,1,1,1,0,1,0,0,0,1,0,1,0,1,1,0,0,0,0,0,1,0,0,1,1,1,0,0,0,0,1,1,0,0,0,1,1,0,0,1,1,1,1,0,1
s0193_0,0,0,0,0,0,0,1,0,1,0,0,0,1,1,0,0,0,1,1,1,0,1,0,0,0,0,0,0,0,1,0,0,1,1,1,1,0,0,0,0,1,1,0,0,1,0,1,1,0,1,0
s0194_0,0,1,1,1,0,0,1,0,0,1,1,0,0,0,0,1,0,0,1,0,1,1,0,1,0,1,1,1,1,1,1,1,1,0,0,1,0,0,0,0,0,0,1,1,1,0,0,0,1,0,1
s0195_0,0,0,0,0,1,0,0,0,0,1,1,0,1,1,1,1,0,1,1,0,0,0,1,1,1,1,1,0,1,1,1,0,0,1,0,0,1,0,1,0,1,1,1,1,1,0,0,0,1,0,1
s0196_0,0,1,1,1,0,0,0,0,1,0,0,0,0,1,0,1,1,1,0,0,1,1,0,0,1,1,0,1,0,0,1,1,1,0,0,0,1,0,0,1,1,1,0,0,1,0,1,1,0,1,0
s0197_0,0,1,1,0,1,1,1,1,0,0,0,1,0,0,1,1,0,1,1,0,1,1,1,0,1,0,0,0,0,0,0,1,0,0,0,0,0,1,1,1,0,1,1,0,0,1,1,0,1,1,0
s0198_0,0,1,1,0,1,1,0,1,1,1,0,0,1,0,0,0,0,1,1,1,0,0,1,1,1,0,1,0,0,1,1,0,1,0,1,0,0,0,0,1,1,1,0,1,1,0,0,0,0,0,0
s0199_0,0,1,1,0,1,0,1,1,1,1,1,1,1,1,1,0,0,1,0,1,1,0,1,1,1,0,0,1,0,0,0,1,1,0,0,0,1,0,0,1,0,1,0,0,0,0,0,1,0,0,0
s0200_0,0,1,1,0,1,1,0,0,1,0,0,0,1,0,1,0,0,1,0,1,1,0,0,0,1,0,1,0,0,0,0,0,0,0,0,0,0,1,0,0,1,1,1,1,0,1,0,0,1,1,0
s0201_0,0,0,0,1,1,0,1,0,0,1,1,1,0,0,1,0,1,0,0,0,1,1,0,1,0,1,0,0,0,0,1,1,1,0,0,0,0,0,0,1,1,1,1,0,0,0,1,1,0,0,1
s0202_0,0,0,0,1,1,1,1,1,1,0,0,0,0,1,0,1,0,0,1,1,0,1,0,0,0,1,1,1,1,1,1,0,1,1,1,0,0,1,0,1,0,0,1,0,0,1,0,0,0,1,0
s0203_0,0,1,1,0,0,1,1,0,1,1,0,1,1,1,1,0,0,0,1,0,0,0,0,0,0,1,1,1,1,1,1,0,1,1,0,1,0,1,1,0,0,0,0,1,0,1,0,0,0,1,1
s0204_0,0,1,1,1,0,1,0,0,1,0,0,1,1,0,1,1,1,1,1,1,0,0,1,1,0,0,1,0,1,1,1,0,0,1,0,0,0,1,1,0,0,0,0,0,1,1,0,1,0,1,0
s0205_0,0,1,1,1,1,1,1,1,0,1,0,1,1,1,1,0,0,0,0,0,0,1,1,0,0,1,0,0,0,1,1,1,0,1,1,1,1,1,0,1,1,0,0,0,0,1,0,1,0,1,1
s0206_0,0,1,1,1,1,1,0,0,1,1,1,1,0,1,0,0,0,0,0,0,0,0,0,1,1,0,0,0,0,0,0,0,0,0,1,1,1,0,0,1,0,1,0,0,0,1,0,0,1,0,1
s0207_0,0,0,0,1,1,1,0,0,0,1,0,1,1,1,1,0,1,0,1,0,1,0,1,0,0,0,0,0,1,1,1,1,0,0,0,1,0,1,1,1,1,0,0,0,0,1,1,0,0,1,0
s0208_0,0,1,1,0,0,1,0,1,1,0,1,0,1,0,1,0,0,0,1,1,1,0,0,1,0,0,0,1,1,0,1,0,1,0,1,0,0,0,1,1,1,1,1,0,1,1,0,1,1,1,0
s0209_0,0,1,1,1,1,1,1,1,0,0,1,0,1,1,1,0,0,0,1,0,1,1,0,0,1,0,0,1,1,1,0,1,1,0,0,0,0,1,0,1,0,1,1,1,0,1,0,0,0,0,0
s0210_0,0,0,0,1,1,1,0,0,0,0,0,0,0,0,1,0,0,0,1,0,1,0,1,1,0,0,1,0,0,1,1,1,0,1,1,1,1,0,1,0,1,1,1,1,1,0,1,1,0,0,1
s0211_0,0,0,0,0,0,0,0,0,0,0,0,0,1,0,0,1,1,1,1,0,1,1,1,1,1,1,0,0,0,1,0,1,0,0,1,1,0,1,1,1,0,0,0,0,1,0,1,0,1,1,0
s0212_0,0,0,0,1,1,0,1,1,0,0,1,0,1,1,1,1,1,0,0,0,0,0,0,0,0,0,0,0,0,1,0,1,1,0,1,1,0,1,0,0,0,1,1,0,0,1,0,0,0,0,1
s0213_0,0,0,0,1,1,0,0,1,1,1,0,1,0,0,1,0,0,0,0,1,0,0,0,1,0,1,0,0,0,1,0,1,1,1,0,0,0,0,0,0,1,1,1,1,0,1,1,0,0,1,0
s0214_0,0,0,0,0,0,0,1,0,1,0,0,0,0,1,1,0,0,0,0,1,1,1,1,1,0,0,0,1,1,1,0,1,0,0,0,1,1,1,0,0,0,1,0,0,1,0,0,0,0,1,0
s0215_0,0,0,0,1,1,1,1,0,0,1,1,1,1,1,0,0,0,0,0,0,1,0,1,1,0,0,1,1,1,1,0,1,1,1,1,0,0,0,0,0,1,1,0,1,0,0,0,0,1,1,1
s0216_0,0,1,1,1,1,1,1,1,0,1,1,0,1,0,0,1,0,0,1,1,1,1,0,1,1,1,1,0,0,1,0,1,0,0,1,0,0,0,1,1,1,1,1,1,1,1,1,0,0,0,1
s0217_0,0,1,1,1,1,0,0,1,0,1,1,0,0,0,1,1,0,0,0,0,1,1,0,1,1,1,0,1,1,0,1,1,1,1,1,0,1,0,0,1,0,1,0,1,0,0,1,1,0,0,0
s0218_0,0,0,0,0,1,0,1,1,0,0,1,0,1,0,1,1,1,0,0,0,0,0,0,1,1,1,1,1,0,0,1,0,1,1,0,0,1,1,0,1,1,1,0,1,1,1,0,1,0,1,1
s0219_0,0,0,0,1,0,0,0,1,1,1,1,1,1,1,0,1,1,0,0,0,0,1,0,1,0,0,1,1,0,1,0,0,1,0,0,0,1,1,1,1,0,1,1,0,1,0,0,0,1,1,1
s0220_0,0,1,1,1,0,0,1,1,1,0,1,0,0,0,0,1,0,1,1,0,0,0,1,1,0,0,0,0,1,1,0,1,0,1,1,0,1,1,1,1,1,1,1,1,1,0,1,0,1,0,0
s0221_0,0,1,1,1,0,0,0,0,1,1,1,1,0,0,0,0,0,0,1,0,1,0,0,1,0,1,1,0,0,1,1,1,1,1,1,0,0,0,0,0,0,1,1,1,1,1,0,1,0,1,1
s0222_0,0,0,0,1,1,1,0,0,1,0,1,0,0,1,1,1,1,0,0,0,1,1,0,0,1,1,1,1,1,1,0,0,1,0,1,0,0,1,1,0,0,0,1,0,1,0,0,1,1,0,1
s0223_0,0,0,0,1,1,1,0,0,1,1,0,0,1,0,1,0,0,0,0,0,1,0,1,0,0,0,0,1,1,0,0,1,0,0,0,0,1,0,1,0,0,0,0,1,1,0,1,1,1,1,1
s0224_0,0,0,0,0,1,1,1,1,0,0,1,0,1,1,0,1,0,0,1,0,1,0,1,0,0,1,0,0,1,1,1,1,1,1,1,1,1,0,1,1,1,1,1,0,0,0,0,0,1,1,0
s0225_0,0,0,0,0,0,1,0,1,1,0,1,0,0,0,1,0,1,1,0,1,0,0,0,0,1,1,1,0,1,1,0,0,0,0,0,1,0,1,1,1,1,0,1,1,1,0,0,1,0,1,0
s0226_0,0,1,1,1,0,0,0,1,1,1,1,0,0,0,1,1,1,0,0,0,0,1,1,1,1,0,0,1,1,1,0,1,0,0,1,0,1,1,1,1,1,0,0,1,0,0,1,1,1,1,0
s0227_0,0,1,1,1,0,1,1,0,1,0,0,0,0,1,0,0,1,0,0,1,0,0,1,1,0,0,1,0,1,1,0,1,0,0,1,0,0,0,1,0,1,1,1,0,1,1,0,0,1,1,1
s0228_0,0,1,1,0,0,0,1,0,0,0,0,1,1,1,0,0,1,0,0,0,0,0,0,0,0,1,1,0,0,1,1,1,0,0,1,1,0,1,1,0,1,0,1,0,0,1,1,1,1,1,0
s0229_0,0,1,1,1,0,1,0,1,0,1,1,0,0,1,0,0,0,0,1,1,1,0,0,1,0,1,0,1,1,0,1,1,0,0,1,1,0,0,0,0,0,0,1,1,1,1,0,0,0,0,1
s0230_0,0,1,1,0,1,1,0,1,0,1,1,1,1,1,1,0,0,1,1,1,1,1,1,1,0,1,0,0,1,0,0,0,0,0,1,0,0,1,0,0,1,0,0,1,1,1,1,1,1,1,0
s0231_0,0,0,0,1,1,1,0,0,1,0,1,0,1,1,1,1,0,1,1,1,0,1,1,0,1,1,1,1,1,1,0,0,0,1,1,0,0,0,1,1,0,0,1,0,0,0,0,1,0,1,0
s0232_0,0,1,1,1,0,0,1,0,1,0,1,1,1,1,0,1,1,1,1,1,1,1,0,1,1,1,1,1,0,1,0,1,1,0,1,0,1,1,0,1,1,1,0,1,1,1,0,1,0,0,0
s0233_0,0,1,1,1,0,0,1,0,0,1,0,0,0,0,1,0,0,0,1,0,0,0,0,0,0,1,0,1,1,1,1,0,0,0,0,0,0,1,1,0,1,1,1,0,1,1,1,0,0,0,0
s0234_0,0,0,0,0,0,0,0,1,0,1,0,1,0,0,1,1,0,1,1,1,0,0,1,1,0,1,0,0,1,0,1,0,0,0,0,1,1,0,1,0,1,0,0,1,1,0,1,0,1,1,0
s0235_0,0,0,0,0,0,0,1,1,0,1,0,1,0,1,1,0,0,0,1,0,0,0,1,0,1,1,1,1,0,0,1,0,1,0,1,1,1,0,0,1,0,1,0,0,0,0,1,1,0,0,1
s0236_0,0,0,0,1,0,1,1,1,0,1,0,0,0,1,0,0,0,0,1,1,1,1,1,0,0,1,0,1,0,1,1,1,1,0,0,0,1,0,0,0,1,0,1,0,0,1,1,0,1,0,0
s0237_0,0,0,0,0,1,0,1,0,1,1,0,1,1,1,1,0,0,1,0,1,0,0,0,1,0,0,0,1,1,1,0,0,0,0,0,0,1,1,1,1,1,0,1,0,1,1,1,0,0,0,1
s0238_0,0,0,0,1,0,1,0,0,1,1,0,0,0,0,0,1,0,1,0,0,0,0,0,1,0,0,0,1,1,1,0,1,1,1,0,1,0,0,1,1,0,0,1,0,0,1,0,1,1,0,0
s0239_0,0,0,0,0,0,1,0,1,1,0,1,1,1,0,0,1,1,0,0,0,0,1,0,0,1,0,1,1,1,1,0,0,1,1,0,1,1,0,1,0,0,1,1,0,1,1,0,1,1,1,1
s0240_0,0,1,1,1,1,0,1,1,0,1,0,1,0,0,0,0,1,1,1,0,0,0,0,1,0,1,1,1,0,0,0,0,1,1,1,0,1,1,1,0,1,1,0,1,1,1,0,1,0,1,1
s0241_0,0,0,0,0,1,1,0,0,0,0,0,0,1,1,0,1,1,0,1,1,0,0,1,0,1,0,1,0,0,1,1,1,0,1,1,0,1,1,0,1,1,0,1,1,0,1,0,0,0,0,1
s0242_0,0,1,1,1,0,1,0,0,1,1,0,1,0,1,1,1,1,0,1,0,0,0,1,1,1,0,1,1,1,1,0,0,0,1,1,1,1,0,0,0,0,0,0,1,0,0,1,0,0,0,1
s0243_0,0,0,0,0,0,0,1,1,0,0,0,1,0,1,0,1,1,1,1,1,0,0,0,0,0,1,1,0,0,0,1,0,1,1,0,1,1,1,1,0,1,0,0,0,0,1,1,0,0,0,1
s0244_0,0,1,1,1,1,1,0,1,0,1,0,1,1,1,1,0,0,1,0,0,0,0,0,1,1,0,0,1,1,0,1,1,0,1,0,0,0,1,1,0,1,0,1,0,1,1,1,0,0,0,1
s0245_0,0,0,0,0,1,1,0,0,0,1,1,1,1,1,1,0,0,0,0,1,0,0,0,0,1,0,0,1,1,1,0,1,0,1,0,1,0,0,1,1,1,1,1,0,1,0,1,1,0,0,1
s0246_0,0,0,0,1,0,0,1,1,1,1,0,1,1,0,0,1,1,1,1,1,0,0,1,1,0,1,0,1,0,0,1,1,1,0,0,1,1,1,1,1,1,0,0,0,1,0,1,1,0,0,0
s0247_0,0,1,1,1,1,0,0,1,1,1,0,1,0,1,0,0,0,1,0,0,1,0,0,0,0,0,0,1,0,1,0,1,1,0,0,0,0,1,0,1,1,0,1,1,0,1,1,1,0,0,0
s0248_0,0,1,1,1,1,1,1,1,1,1,0,0,1,1,0,0,0,0,1,0,0,1,1,0,1,1,1,1,1,0,1,1,0,1,1,1,0,1,1,0,1,1,0,1,0,0,0,1,0,0,1
s0249_0,0,1,1,1,1,0,1,1,0,1,1,1,0,1,0,1,1,1,1,1,0,0,1,1,1,1,1,0,1,0,0,1,0,0,0,1,0,0,0,0,0,1,1,1,0,0,0,0,1,0,1
s0250_0,0,0,0,1,1,0,0,1,1,1,1,1,0,0,0,1,1,1,1,1,1,1,0,1,1,1,1,1,1,0,1,0,1,1,0,1,0,0,1,1,0,1,1,0,0,0,1,1,1,1,1
s0251_1,1,0,1,1,0,1,0,0,0,1,0,0,1,0,1,1,1,0,0,1,1,0,0,0,1,1,0,0,1,1,1,1,1,1,0,1,0,1,1,1,0,1,1,1,0,1,1,1,0,0,0
s0252_1,1,0,1,0,1,1,1,1,0,0,0,0,1,1,0,1,1,1,0,0,0,1,0,1,1,1,1,0,1,1,0,1,0,1,1,0,1,0,1,1,1,0,0,0,1,1,0,1,1,1,1
s0253_1,1,1,0,0,0,1,1,1,0,1,1,0,0,1,1,1,1,0,0,1,1,0,1,1,0,0,1,0,1,0,1,0,0,1,1,1,0,1,0,1,0,1,0,1,0,1,0,0,1,0,1
s0254_1,1,0,1,1,1,0,1,1,1,1,1,0,0,0,1,1,0,0,1,0,0,0,0,1,1,1,0,1,0,1,0,1,0,1,0,0,1,0,0,1,0,1,0,1,1,1,0,1,0,0,1
s0255_1,1,0,1,0,0,0,0,1,1,0,1,1,0,0,0,1,1,0,0,0,0,1,1,1,0,1,0,0,1,0,1,1,1,1,1,1,0,0,1,0,1,0,0,1,0,1,0,1,1,0,0
s0256_1,1,0,1,1,0,1,0,0,0,1,1,0,0,0,0,1,0,0,1,1,1,0,0,1,0,1,1,0,1,0,0,1,1,0,0,0,0,1,0,1,1,1,1,0,0,0,0,1,0,1,0
s0257_1,1,1,0,0,1,1,1,0,1,1,1,1,0,0,0,1,1,0,1,1,0,1,0,0,1,1,1,0,1,0,0,0,1,1,0,1,0,0,1,0,1,0,1,0,0,1,0,0,1,0,0
s0258_1,1,1,0,0,1,0,1,0,0,1,0,1,1,1,0,0,1,0,0,1,1,1,0,1,1,1,0,0,1,1,1,1,1,1,0,0,0,0,1,0,1,0,0,0,1,1,1,1,0,1,1
s0259_1,1,0,1,0,0,0,0,1,1,0,1,1,1,1,0,1,1,1,0,1,0,0,1,0,0,0,0,0,0,0,0,0,1,0,0,0,0,0,1,0,0,1,1,0,0,1,0,1,1,0,1
s0260_1,1,0,1,1,1,0,1,1,1,0,0,0,1,0,1,1,1,0,1,1,0,0,0,0,1,0,0,0,1,0,1,1,1,0,0,0,1,1,1,1,0,1,0,1,0,0,0,1,1,0,1
s0261_1,1,1,0,0,0,0,0,1,1,0,1,0,1,0,0,0,1,0,0,0,0,1,0,0,1,0,1,1,1,0,1,0,0,0,1,0,1,1,0,0,0,1,1,1,0,0,0,1,1,1,1
s0262_1,1,1,0,0,1,0,0,1,0,1,0,0,1,0,1,0,1,1,0,0,0,1,0,0,1,1,0,1,0,1,0,0,0,0,1,1,0,0,0,0,0,0,1,0,0,1,1,0,1,1,0
s0263_1,1,0,1,1,1,0,0,1,1,1,0,1,0,0,0,1,1,1,0,0,0,0,1,0,1,0,0,0,0,0,0,0,0,0,1,1,0,0,0,1,1,0,0,0,0,0,1,1,1,0,1
s0264_1,1,1,0,1,1,1,0,0,1,1,0,1,0,1,0,1,1,0,1,1,1,1,0,1,1,1,1,1,0,0,1,1,0,0,0,1,1,1,1,1,0,0,1,0,1,1,0,0,1,0,1
s0265_1,1,0,1,1,0,1,0,1,1,1,0,0,1,1,1,0,0,1,0,0,0,0,1,0,1,1,0,0,0,0,1,1,1,0,1,0,0,0,0,1,1,0,1,0,1,1,0,1,1,1,0
s0266_1,1,0,1,1,1,0,1,0,1,1,0,1,1,1,1,0,0,0,1,0,0,0,1,1,0,0,0,1,1,1,1,1,0,0,0,0,1,1,0,0,1,0,0,0,1,1,0,1,0,0,1
s0267_1,1,1,0,1,1,1,0,0,1,1,0,1,0,0,0,0,1,0,1,1,0,0,0,0,1,0,1,0,1,1,0,1,0,1,1,0,0,1,1,0,0,0,0,1,0,1,0,1,0,1,0
s0268_1,1,1,0,0,1,1,0,1,1,1,1,0,0,1,1,1,1,0,0,1,1,1,1,0,0,0,1,1,0,1,1,1,0,0,0,0,0,0,1,1,0,1,1,0,1,1,1,1,0,0,1
s0269_1,1,0,1,0,1,1,0,0,0,0,0,0,0,1,0,1,0,0,1,1,0,0,0,1,0,0,0,0,0,0,1,1,0,0,0,1,1,1,1,0,0,0,1,1,0,1,1,1,0,0,0
s0270_1,1,1,0,1,0,0,1,1,1,0,0,1,0,0,0,0,1,0,0,0,1,1,0,1,0,0,0,1,1,1,1,1,1,1,1,0,1,1,0,1,0,1,1,1,1,0,1,1,1,0,0
s0271_1,1,0,1,1,1,0,1,0,0,0,1,0,1,1,0,1,1,0,1,0,1,0,0,1,0,1,0,1,0,1,1,0,0,0,1,1,0,0,0,0,1,0,0,0,1,1,1,1,1,1,1
s0272_1,1,0,1,1,0,1,1,0,1,1,0,0,1,0,1,1,0,0,0,0,0,0,0,1,0,0,0,0,1,0,0,0,1,1,0,0,1,0,0,0,1,0,0,0,0,0,1,0,0,0,1
s0273_1,1,0,1,0,1,1,1,0,0,1,0,0,1,1,0,1,1,1,0,0,0,0,1,0,0,1,0,1,1,1,1,1,0,1,1,1,1,1,0,0,0,1,0,1,1,1,1,0,0,1,1
s0274_1,1,0,1,0,0,0,0,1,1,1,0,0,1,1,0,1,0,1,0,1,1,1,0,1,1,0,1,0,0,0,1,1,0,0,1,0,1,0,1,0,1,1,1,0,1,1,1,1,1,0,1
s0275_1,1,1,0,1,0,0,1,1,0,0,1,0,1,1,1,1,1,1,0,1,0,1,0,0,1,1,1,1,1,1,0,1,1,1,0,1,0,0,0,0,1,0,1,1,0,1,0,1,0,0,1
s0276_1,1,1,0,0,0,1,0,0,0,1,1,1,1,0,1,0,0,0,0,1,0,0,0,1,1,1,1,0,1,1,0,0,1,1,0,1,0,0,0,1,0,1,0,0,1,0,1,0,0,0,1
s0277_1,1,1,0,0,1,0,0,1,0,1,1,1,1,0,1,0,0,1,0,1,1,1,0,1,0,0,0,1,0,0,1,1,1,0,0,0,1,0,0,0,1,1,1,1,1,1,0,1,1,1,1
s0278_1,1,1,0,0,1,0,1,1,0,1,1,0,1,1,1,1,1,0,0,0,1,0,1,0,0,0,0,0,1,0,1,0,0,1,1,0,1,0,0,1,0,1,0,0,0,0,0,0,1,1,0
s0279_1,1,1,0,0,1,0,0,0,0,1,0,0,1,0,0,0,0,0,0,1,0,0,0,1,0,0,1,0,0,1,1,0,0,0,1,1,0,1,0,0,0,0,0,1,1,1,0,1,0,0,0
s0280_1,1,0,1,0,0,1,0,0,0,0,1,0,1,0,0,1,0,0,0,1,1,1,0,1,1,0,0,0,1,1,1,1,1,1,0,0,1,1,0,1,0,1,1,1,0,0,0,0,0,1,1
s0281_1,1,0,1,0,1,1,0,1,1,0,1,0,1,0,1,1,1,1,1,0,1,0,1,0,1,0,1,1,1,1,1,1,1,0,0,0,0,1,1,0,1,1,0,0,0,1,1,0,1,1,1
s0282_1,1,1,0,1,0,1,0,0,0,1,0,0,0,1,1,1,0,1,0,1,1,1,0,0,1,0,0,1,1,1,0,1,1,1,1,1,0,1,1,1,1,1,0,0,0,0,0,0,0,0,0
s0283_1,1,1,0,1,0,1,1,1,1,1,0,1,1,1,1,1,0,1,0,1,1,1,0,1,0,0,1,1,1,1,0,0,1,1,0,1,0,0,1,0,0,1,0,1,1,1,0,1,0,0,0
s0284_1,1,1,0,1,0,1,0,0,1,0,1,0,1,0,1,0,1,0,1,0,0,1,1,0,1,1,0,0,1,0,1,0,1,0,1,0,1,1,0,1,0,1,1,1,1,1,0,0,0,1,1
s0285_1,1,1,0,0,0,1,1,1,1,0,0,0,0,1,1,0,0,1,0,1,0,0,0,1,0,0,0,0,1,0,1,1,0,0,1,1,1,1,0,1,0,0,0,1,0,1,0,0,1,1,1
s0286_1,1,1,0,1,0,1,0,0,0,0,0,1,1,1,0,1,0,0,1,0,0,0,1,1,1,0,1,1,1,0,1,0,0,1,0,0,0,0,0,0,1,0,0,1,0,1,1,0,1,1,1
s0287_1,1,1,0,1,0,1,1,1,0,1,1,0,0,0,1,0,0,0,1,0,0,1,0,1,1,0,0,1,1,1,0,1,1,1,1,0,1,0,0,1,0,0,0,0,0,1,1,0,1,0,1
s0288_1,1,1,0,1,0,0,1,1,0,0,1,0,0,1,0,0,1,0,0,1,0,0,1,1,0,1,1,0,0,0,1,0,0,1,0,1,0,1,1,0,1,0,1,1,1,0,0,1,1,0,0
s0289_1,1,1,0,0,0,0,1,0,1,1,0,1,1,1,1,1,0,1,0,1,0,0,1,0,0,0,1,1,1,1,1,1,0,0,0,0,1,0,1,1,1,0,1,1,1,0,0,1,0,1,0
s0290_1,1,1,0,0,0,0,0,0,1,0,1,1,1,0,0,1,0,0,1,0,0,0,0,1,1,1,1,0,1,1,1,0,0,0,1,0,0,1,0,0,1,1,1,1,0,0,0,0,0,1,0
s0291_1,1,1,0,0,1,0,1,1,0,1,0,1,0,0,0,0,0,1,0,1,0,0,1,0,1,1,0,1,1,1,0,0,0,1,1,1,0,1,1,0,1,1,1,0,1,1,0,0,1,1,0
s0292_1,1,0,1,1,0,0,1,0,0,1,1,1,0,0,0,1,1,0,1,0,0,0,1,1,0,1,1,1,0,0,0,0,1,1,1,0,1,1,0,1,1,0,0,0,0,1,0,0,1,0,1
s0293_1,1,0,1,1,0,1,0,0,1,1,1,1,1,0,0,1,1,1,0,1,1,0,1,1,0,0,0,0,0,1,0,1,0,0,1,0,1,0,0,1,0,1,0,1,0,1,1,0,0,0,1
s0294_1,1,1,0,1,1,0,1,1,1,1,0,0,0,0,0,1,0,1,1,0,0,0,1,1,1,0,0,1,0,0,1,1,1,0,0,1,0,1,1,1,1,1,1,0,1,1,0,1,1,0,0
s0295_1,1,0,1,0,0,1,0,0,1,1,0,1,1,0,0,1,0,0,0,0,0,1,1,1,0,1,0,1,1,0,1,1,1,1,0,0,0,0,0,0,0,1,1,0,1,0,0,1,1,1,0
s0296_1,1,1,0,0,0,0,1,1,0,1,0,1,0,1,0,0,0,0,0,0,1,0,1,0,1,1,0,0,1,0,0,1,1,0,0,0,0,1,1,1,1,0,1,0,0,1,0,0,0,1,1
s0297_1,1,1,0,1,1,0,1,1,0,1,1,0,1,1,0,0,1,0,0,1,0,0,0,0,0,1,0,1,1,1,0,0,0,0,0,1,1,0,1,0,0,0,0,1,1,0,1,1,1,0,1
s0298_1,1,0,1,1,0,0,1,0,1,1,0,1,0,0,1,0,1,1,1,0,1,1,0,0,0,1,1,0,1,1,1,1,0,1,1,0,1,1,0,1,1,1,0,0,0,1,0,1,0,0,1
s0299_1,1,1,0,1,1,0,1,1,0,1,1,1,0,1,1,0,0,0,1,0,0,0,0,1,0,1,0,0,1,1,1,0,0,0,0,1,1,1,0,1,0,0,1,1,1,1,1,1,1,1,0
s0300_1,1,1,0,0,1,0,1,0,1,1,0,0,1,1,0,0,1,1,1,0,1,1,0,1,0,0,0,0,0,1,0,0,1,1,1,0,1,0,0,1,0,1,1,0,0,1,1,1,1,0,0
s0301_1,1,1,0,0,0,1,0,1,1,1,1,0,1,1,1,0,1,0,0,0,1,1,0,0,1,1,0,0,0,1,1,0,0,0,1,0,0,1,1,1,1,0,0,1,1,1,0,1,1,0,1
s0302_1,1,0,1,1,0,1,1,0,1,1,0,1,0,1,1,0,0,1,1,0,1,1,1,0,1,1,0,1,0,1,0,1,0,0,1,0,1,0,0,1,0,0,0,1,0,0,1,0,0,1,1
s0303_1,1,1,0,0,1,0,0,0,1,0,1,1,0,1,0,0,0,0,0,0,0,0,1,0,0,0,0,1,0,1,0,0,1,1,0,0,1,0,0,1,0,0,1,0,0,0,0,1,0,0,0
s0304_1,1,0,1,1,0,1,1,0,1,0,0,0,1,0,0,0,0,1,0,1,1,1,0,0,0,0,0,1,0,1,0,0,0,0,1,0,1,1,0,0,1,0,0,0,1,1,0,0,0,0,0
s0305_1,1,1,0,1,1,1,0,0,1,0,0,0,1,1,0,0,0,1,1,1,1,0,0,1,0,0,0,1,1,1,1,0,1,1,0,0,1,1,1,1,1,0,0,1,0,0,0,1,1,0,1
s0306_1,1,0,1,1,1,1,1,0,1,1,1,1,1,1,0,0,1,0,1,0,1,1,0,1,1,0,0,0,1,0,0,1,0,1,1,0,1,1,1,0,0,1,1,0,1,1,1,1,0,1,0
s0307_1,1,0,1,0,0,0,0,1,1,1,1,1,0,0,1,1,0,0,0,1,1,0,0,1,1,1,0,1,0,0,0,1,0,1,0,0,1,0,0,1,1,0,0,1,1,1,1,1,0,1,1
s0308_1,1,1,0,1,1,0,1,0,1,1,1,1,1,0,0,0,1,1,1,0,0,1,0,1,1,0,1,0,1,0,0,1,1,1,1,0,0,1,0,1,0,0,0,1,0,0,0,1,0,0,1
s0309_1,1,1,0,1,0,0,0,1,1,0,1,1,0,1,1,0,0,0,0,1,0,0,1,0,1,0,0,1,0,0,0,1,0,0,0,0,0,1,0,1,0,0,1,0,0,0,1,0,1,0,1
s0310_1,1,1,0,0,1,1,0,1,0,1,1,0,1,0,0,0,1,0,1,1,0,0,1,0,1,0,1,0,0,0,1,0,0,1,0,1,1,1,0,1,0,0,1,1,0,0,0,0,1,1,0
s0311_1,1,0,1,0,1,0,0,1,0,1,1,1,1,1,0,1,0,1,0,0,0,1,0,0,0,0,0,1,1,0,0,0,1,1,1,0,0,1,1,0,1,1,1,0,1,0,1,1,1,0,1
s0312_1,1,1,0,0,1,1,0,1,1,0,1,1,0,0,0,1,0,1,0,0,1,1,0,0,0,0,1,1,0,0,1,1,0,0,0,1,1,0,0,0,0,0,0,0,1,0,0,0,0,0,0
s0313_1,1,0,1,0,1,1,0,1,1,0,1,0,0,0,1,1,0,1,1,0,0,0,0,0,0,1,1,0,1,1,0,0,1,0,1,1,1,1,0,1,0,1,0,0,0,0,0,1,1,0,1
s0314_1,1,0,1,0,1,1,0,1,0,1,1,0,1,0,0,1,1,1,1,0,0,1,1,0,1,1,1,0,0,0,1,0,0,0,1,0,0,0,0,0,0,1,1,0,0,0,0,0,1,0,0
s0315_1,1,0,1,1,0,0,1,1,0,0,1,1,1,0,0,1,0,0,1,0,0,0,1,0,0,1,1,1,0,1,0,0,1,1,0,1,1,0,0,0,1,1,1,0,0,0,1,0,1,0,0
s0316_1,1,1,0,0,0,0,1,0,0,1,0,1,1,0,0,1,0,1,1,1,0,1,1,1,0,1,1,1,0,0,0,1,1,1,0,1,1,1,1,1,0,0,0,1,1,0,0,1,0,1,1
s0317_1,1,1,0,1,0,1,1,1,1,0,1,1,0,0,1,0,0,1,0,0,1,1,0,1,0,1,0,1,0,1,0,1,1,0,0,0,1,1,0,0,1,0,1,1,1,0,0,0,1,1,0
s0318_1,1,0,1,1,0,0,1,1,0,0,1,0,1,1,0,1,0,0,1,0,0,0,1,0,0,0,1,1,0,0,0,1,1,1,1,0,1,0,1,1,1,1,1,0,0,0,1,1,1,0,1
s0319_1,1,0,1,0,1,0,1,1,1,1,1,0,1,1,1,1,0,0,0,0,1,0,1,0,1,0,1,0,1,0,1,0,0,1,1,1,1,1,1,0,1,0,1,0,1,1,1,1,1,1,1
s0320_1,1,0,1,1,0,0,1,1,0,0,1,0,0,1,0,0,1,0,0,1,0,0,0,1,0,1,0,1,1,1,0,0,1,0,1,0,0,0,0,1,0,0,0,1,1,1,0,0,0,1,0
s0321_1,1,1,0,1,0,1,1,1,0,1,1,0,0,0,0,0,0,0,1,1,1,0,1,0,1,1,1,1,1,1,1,0,1,0,1,1,0,1,0,1,1,1,1,0,0,1,1,1,1,1,1
s0322_1,1,0,1,1,1,1,0,0,0,0,0,0,1,0,1,1,0,1,0,0,1,0,1,0,1,1,1,1,0,1,0,1,1,0,0,0,0,0,1,0,1,1,0,1,1,0,1,0,1,0,1
s0323_1,1,0,1,0,0,1,0,0,1,0,0,0,0,1,1,1,1,0,0,0,1,1,1,1,1,0,0,0,1,0,1,1,0,1,0,1,0,1,1,1,1,0,1,0,1,1,1,0,1,0,1
s0324_1,1,0,1,1,0,0,0,1,0,0,0,1,0,0,1,1,0,0,0,0,1,0,0,1,0,1,1,0,1,0,1,0,1,0,0,0,0,0,1,0,0,0,1,1,0,1,0,1,1,0,1
s0325_1,1,0,1,0,0,0,0,1,1,1,0,1,1,1,1,1,0,1,0,0,0,0,0,1,0,0,0,0,0,0,1,1,1,0,1,0,1,0,1,1,0,1,0,1,0,1,1,1,1,1,1
s0326_1,1,0,1,1,1,0,1,1,0,1,1,0,1,0,1,0,0,1,0,1,0,0,1,1,0,0,0,1,0,1,0,0,0,0,1,1,1,0,0,0,0,0,0,0,1,1,1,1,1,0,0
s0327_1,1,1,0,1,0,1,0,0,1,1,0,0,0,0,0,0,0,0,0,1,0,1,0,1,0,1,0,1,1,0,0,0,1,1,0,0,0,1,0,1,0,0,0,0,1,0,0,0,0,1,1
s0328_1,1,1,0,1,1,1,0,0,0,1,1,1,0,1,1,1,0,1,0,1,1,0,0,0,0,0,1,1,1,0,0,1,1,0,0,1,0,1,1,0,1,1,1,1,0,0,0,1,1,0,0
s0329_1,1,0,1,1,1,1,1,0,0,1,1,0,1,0,1,1,0,1,0,1,1,0,1,0,1,0,1,1,0,0,1,1,0,1,0,1,0,0,0,0,0,0,1,1,1,0,1,1,1,0,0
s0330_1,1,0,1,1,0,0,0,1,1,1,0,1,1,1,1,0,0,1,0,0,0,1,0,0,0,1,0,1,1,0,0,0,1,1,0,0,1,1,0,0,0,1,0,1,0,0,0,1,1,1,1
s0331_1,1,0,1,0,0,0,0,0,1,1,0,1,0,1,1,0,0,0,1,1,0,1,0,1,1,0,0,1,1,1,1,1,1,0,1,1,1,1,0,1,0,1,1,0,1,0,1,1,0,1,1
s0332_1,1,0,1,0,0,1,0,0,1,1,0,1,1,1,0,0,1,1,1,0,0,0,1,0,0,1,1,0,0,1,1,0,1,1,1,1,0,1,0,1,0,1,0,0,1,0,1,0,1,0,1
s0333_1,1,0,1,0,0,0,0,0,0,0,0,0,1,1,1,1,0,0,0,0,0,0,0,0,1,1,1,1,1,1,1,0,1,0,1,0,1,1,0,0,1,0,1,1,1,1,0,1,0,0,0
s0334_1,1,0,1,0,1,1,1,1,1,0,1,0,0,0,0,0,0,0,0,0,1,1,1,0,0,0,0,1,1,0,1,0,1,0,1,1,0,0,0,0,1,1,1,0,1,0,1,0,0,0,1
s0335_1,1,1,0,0,1,0,1,0,1,1,0,0,1,0,0,0,0,0,1,1,0,1,0,0,1,0,0,0,0,1,1,0,0,1,1,0,0,1,1,1,0,0,0,0,0,0,1,0,1,1,0
s0336_1,1,1,0,1,0,0,1,0,0,0,0,0,1,0,1,1,0,0,0,0,0,0,1,1,0,1,1,0,0,0,1,0,1,1,1,1,1,0,0,0,0,1,1,1,1,1,0,1,1,1,1
s0337_1,1,1,0,0,0,1,0,0,1,0,0,0,1,0,1,1,0,0,0,0,0,1,1,1,0,0,1,0,0,1,1,0,0,1,0,0,1,1,1,0,1,0,0,0,1,0,1,1,1,1,1
s0338_1,1,1,0,0,1,1,1,1,0,0,1,1,0,1,0,1,0,1,0,0,0,0,0,1,0,1,0,1,0,1,1,1,0,0,0,0,1,1,1,1,0,0,1,0,0,1,0,0,1,0,1
s0339_1,1,0,1,1,0,1,0,0,1,1,0,0,1,0,0,0,0,1,1,0,0,1,1,0,0,1,0,1,0,0,1,1,1,0,0,0,1,0,0,0,0,0,1,1,1,1,1,0,0,1,1
s0340_1,1,1,0,0,1,1,0,0,0,1,0,0,1,0,0,0,1,1,1,0,0,0,1,1,1,0,0,1,0,1,1,1,1,0,0,1,1,1,1,0,1,0,0,1,0,1,0,0,1,1,1
s0341_1,1,0,1,1,0,1,1,0,1,1,1,0,0,1,1,0,1,1,1,0,1,1,0,0,0,0,0,0,1,1,0,0,1,1,1,1,1,0,0,0,1,1,0,1,1,1,0,1,1,1,1
s0342_1,1,1,0,1,0,1,1,1,0,0,0,1,0,0,1,1,1,0,0,1,0,0,0,0,1,1,0,1,1,1,0,1,0,1,1,1,1,0,1,1,0,0,1,1,0,0,1,1,0,0,0
s0343_1,1,1,0,1,0,0,0,0,0,1,1,1,1,1,1,1,1,0,0,1,0,0,0,1,1,1,1,0,0,0,0,0,1,0,0,0,0,1,1,1,0,0,1,0,1,0,1,1,0,1,1
s0344_1,1,0,1,0,0,1,0,1,0,1,1,1,1,1,0,0,1,0,1,0,1,0,0,0,1,1,0,1,0,1,1,0,1,0,0,0,0,0,0,0,1,0,1,1,0,1,1,0,0,1,1
s0345_1,1,1,0,1,0,1,1,0,0,1,1,0,1,0,0,1,0,0,0,1,0,0,0,1,0,1,0,1,0,0,1,0,0,1,1,0,0,0,1,1,1,0,1,1,1,1,0,0,0,0,0
s0346_1,1,1,0,0,0,1,1,0,0,0,1,1,1,1,1,0,0,0,0,1,1,0,1,0,0,0,0,1,0,1,0,0,0,0,0,1,0,0,0,1,1,1,1,0,1,1,1,0,1,1,1
s0347_1,1,1,0,0,0,1,1,1,0,1,1,1,1,0,0,1,1,0,0,1,1,0,0,1,1,0,1,1,0,0,0,0,1,1,0,0,0,1,1,1,1,0,1,0,0,1,0,1,1,1,1
s0348_1,1,0,1,0,1,1,0,0,1,1,0,1,1,1,1,0,0,1,0,1,1,0,0,1,0,0,1,1,0,0,1,1,1,0,1,0,1,0,1,1,1,1,1,1,0,1,1,0,0,0,0
s0349_1,1,0,1,0,1,0,0,0,1,1,1,0,1,1,1,0,1,1,1,1,0,0,0,1,0,0,0,1,0,1,0,1,0,0,0,0,0,1,0,0,1,1,0,0,1,0,1,1,0,1,0
s0350_1,1,0,1,1,1,0,1,0,0,0,0,0,0,1,1,1,0,0,0,0,0,1,1,1,0,0,1,1,0,1,1,1,1,1,0,0,0,1,1,0,0,0,0,1,1,0,1,1,0,0,0
s0351_1,1,0,1,0,0,1,0,1,1,0,0,1,0,0,0,0,1,0,1,1,0,0,0,1,1,0,1,1,0,1,1,0,0,1,1,1,1,0,1,0,1,0,1,0,0,0,1,0,1,0,1
s0352_1,1,1,0,0,0,0,1,1,0,0,1,0,1,1,1,1,0,0,0,0,0,0,1,1,1,1,0,0,1,0,1,0,1,0,0,1,1,0,1,0,0,1,1,0,0,1,1,1,1,1,1
s0353_1,1,0,1,1,1,1,1,0,1,1,0,0,0,0,0,1,0,0,0,0,1,1,0,0,0,1,1,0,1,0,1,1,1,0,1,1,1,1,0,1,0,0,1,0,0,0,0,1,1,0,0
s0354_1,1,1,0,0,0,0,1,1,1,0,1,0,1,0,1,0,0,0,1,0,0,0,1,1,1,0,0,0,1,1,0,0,1,0,0,1,0,0,1,0,1,0,0,0,0,0,0,0,1,1,0
s0355_1,1,0,1,0,0,0,1,1,1,1,1,0,0,0,0,1,1,0,1,0,1,0,0,1,1,1,0,0,0,1,1,0,0,0,1,0,0,1,0,1,0,0,0,1,0,0,0,0,1,1,1
s0356_1,1,0,1,1,1,1,0,0,1,0,1,0,1,0,1,0,1,1,1,1,0,1,0,0,1,1,1,0,0,0,1,0,0,1,0,0,0,1,0,1,0,0,0,0,0,1,1,1,0,1,1
s0357_1,1,0,1,1,0,0,1,1,0,1,1,1,1,0,1,0,1,0,1,0,0,0,1,1,0,1,1,0,1,0,0,1,0,1,1,0,1,1,1,1,0,0,1,0,0,0,1,0,1,1,1
s0358_1,1,1,0,1,0,1,1,1,0,0,0,0,1,1,0,0,1,1,1,1,1,0,0,0,0,1,1,0,0,1,1,1,1,0,1,1,0,1,1,1,0,0,1,1,0,1,1,1,1,1,0
s0359_1,1,0,1,0,0,0,0,0,0,1,0,0,1,0,0,1,1,1,0,0,1,0,0,0,1,0,0,0,0,1,1,0,1,0,1,1,1,0,1,0,0,0,0,1,0,1,0,1,0,0,1
s0360_1,1,0,1,1,0,1,1,0,0,1,0,1,1,1,0,1,1,1,0,1,1,0,1,0,1,0,1,1,0,0,1,0,1,0,1,0,0,1,0,1,1,1,1,1,0,1,0,0,1,1,1
s0361_1,1,0,1,1,0,0,0,0,0,1,0,0,1,0,0,1,0,0,0,0,1,0,1,1,1,1,1,0,0,0,0,0,1,0,0,1,1,0,1,0,1,0,1,1,0,1,1,1,0,1,0
s0362_1,1,1,0,1,0,1,1,0,0,1,1,0,1,0,0,1,1,0,0,0,1,0,1,1,1,0,1,1,0,1,0,1,0,1,1,1,1,0,1,0,1,1,1,0,0,1,1,1,1,1,1
s0363_1,1,0,1,0,0,1,0,0,1,0,1,1,1,0,0,0,0,0,1,0,0,0,0,0,0,0,0,1,0,0,1,0,0,1,0,0,1,0,0,1,0,0,0,1,0,1,1,0,1,1,0
s0364_1,1,1,0,0,0,0,1,1,1,1,0,1,0,0,1,0,0,0,1,0,1,0,0,0,0,1,0,0,1,1,0,0,1,1,1,0,1,0,0,0,0,1,1,1,1,1,1,1,0,1,1
s0365_1,1,0,1,0,1,0,1,0,1,0,1,0,0,0,0,0,1,0,0,0,1,1,0,1,1,1,1,1,0,1,1,0,1,0,1,0,1,1,1,1,0,0,0,1,1,1,0,0,1,0,1
s0366_1,1,0,1,1,0,1,0,0,1,1,0,0,0,1,0,1,0,0,0,0,1,1,0,1,1,0,0,0,0,0,1,1,1,1,0,1,0,1,1,1,0,1,0,1,1,1,0,1,1,0,0
s0367_1,1,0,1,1,1,0,0,0,0,1,1,0,0,0,0,0,0,1,1,0,0,0,1,0,0,1,0,0,1,0,1,0,1,1,1,0,1,1,1,1,0,1,1,0,1,1,0,0,0,1,1
s0368_1,1,0,1,1,1,0,0,0,0,1,0,1,1,1,1,1,0,1,1,1,1,1,1,1,1,1,0,0,1,1,1,1,1,0,1,1,1,1,0,1,1,0,1,0,0,1,1,0,1,0,1
s0369_1,1,1,0,1,1,0,1,1,0,1,1,1,0,1,1,0,1,1,0,1,0,1,0,1,1,1,0,1,0,1,1,1,0,1,1,0,0,0,0,1,1,0,0,0,1,0,1,0,0,1,0
s0370_1,1,1,0,0,0,0,0,1,0,1,1,1,0,0,1,0,1,0,0,0,0,1,0,1,1,1,0,0,0,1,0,1,0,1,0,0,0,0,1,1,1,1,0,0,1,1,1,1,0,0,0
s0371_1,1,0,1,0,1,0,0,0,0,0,0,1,0,1,1,1,1,1,1,0,0,0,1,1,0,1,0,1,0,1,1,0,0,1,1,0,1,0,0,1,1,1,1,0,0,1,1,0,0,0,0
s0372_1,1,1,0,1,1,0,1,0,1,1,1,1,1,0,1,0,1,1,1,1,0,1,1,0,1,0,0,0,1,0,0,0,0,0,0,1,1,1,0,0,1,1,0,0,0,1,1,1,0,0,1
s0373_1,1,1,0,0,1,0,0,0,1,0,0,0,1,1,0,0,0,0,1,1,1,1,1,0,0,1,1,1,1,1,0,0,1,1,1,0,1,0,0,1,1,1,1,1,1,0,1,0,0,0,0
s0374_1,1,0,1,0,1,0,0,0,0,1,0,1,0,1,0,0,0,1,0,0,1,1,1,0,0,1,0,0,1,0,0,0,0,0,1,1,0,0,1,1,0,1,1,1,1,0,1,1,0,1,0
s0375_1,1,0,1,0,0,1,0,1,0,0,1,1,0,0,0,0,1,0,0,1,0,0,1,0,0,1,1,0,0,0,1,1,1,0,0,1,0,0,0,1,1,1,1,1,1,0,0,1,0,1,0
s0376_1,1,0,1,1,0,0,1,1,1,1,0,1,0,1,1,1,1,1,1,1,1,1,0,0,0,1,1,1,0,0,0,1,0,0,1,1,1,1,1,1,0,1,0,1,0,1,1,1,1,0,0
s0377_1,1,1,0,1,0,0,0,0,0,0,0,0,1,1,0,1,0,0,0,0,0,0,1,1,1,0,0,0,1,1,1,0,0,0,1,1,0,0,1,1,1,1,1,0,1,1,0,0,1,1,0
s0378_1,1,0,1,0,1,1,1,0,0,1,0,0,0,0,1,0,0,0,1,1,0,1,1,0,1,1,1,1,1,0,1,0,0,0,0,0,0,0,0,0,0,1,1,1,1,1,1,1,1,0,1
s0379_1,1,1,0,1,0,1,0,0,0,0,1,1,0,0,1,0,1,1,1,1,0,0,0,1,1,1,0,0,0,1,0,0,1,0,0,0,0,1,0,0,0,1,1,0,0,0,0,1,1,1,0
s0380_1,1,1,0,0,0,1,1,0,0,1,0,0,0,1,0,0,0,0,0,0,1,0,1,0,0,1,0,1,0,1,0,0,0,0,1,0,0,0,1,0,0,1,1,0,1,1,1,0,0,1,1
s0381_1,1,0,1,0,1,1,1,0,0,1,0,0,0,0,1,0,0,0,1,1,1,1,1,0,1,0,0,1,0,0,1,0,1,0,1,0,0,1,1,0,0,0,1,0,1,1,0,0,0,0,0
s0382_1,1,1,0,1,0,1,0,1,1,1,1,0,1,0,0,0,0,1,1,1,0,0,0,0,0,0,1,1,1,1,0,1,0,0,1,1,1,1,0,1,0,0,0,1,0,1,1,0,1,1,0
s0383_1,1,1,0,1,0,1,1,1,1,1,1,1,1,0,1,0,1,1,1,0,0,1,1,0,1,0,1,0,0,0,1,0,0,0,0,0,0,0,1,1,0,1,1,1,0,0,1,1,0,1,0
s0384_1,1,0,1,0,1,1,1,0,1,1,1,1,1,0,1,0,1,1,0,1,1,1,0,0,0,1,1,0,1,1,1,0,0,1,1,0,1,0,0,0,1,0,1,1,0,0,0,0,1,1,0
s0385_1,1,1,0,1,1,0,0,1,1,1,0,1,1,1,0,0,1,1,1,0,1,1,0,0,0,0,1,0,0,0,0,0,1,0,1,1,1,0,0,1,1,0,0,1,1,1,1,0,0,0,1
s0386_1,1,0,1,0,0,0,1,1,1,0,1,1,1,0,1,0,1,0,1,1,0,1,1,1,0,1,1,1,0,1,0,1,1,1,1,0,1,0,1,1,1,1,1,1,0,0,0,1,1,1,1
s0387_1,1,1,0,0,1,1,1,1,0,1,1,0,1,1,1,0,1,1,0,0,0,1,0,0,1,0,0,0,0,0,1,0,0,0,1,0,1,0,1,0,1,1,1,1,1,0,0,1,1,0,1
s0388_1,1,0,1,0,1,0,1,1,1,1,0,0,1,1,0,0,0,1,1,1,0,1,1,1,1,1,0,0,0,0,0,0,1,1,1,0,0,1,1,1,0,0,1,0,0,1,1,1,1,0,1
s0389_1,1,1,0,0,1,1,0,0,0,1,0,1,1,0,1,0,1,0,1,1,1,1,0,0,1,1,1,1,0,1,0,0,0,0,0,1,0,1,1,0,0,0,1,0,1,0,1,1,0,1,1
s0390_1,1,1,0,1,0,0,0,1,0,1,0,0,1,0,0,1,1,1,0,1,0,0,0,0,1,0,1,0,0,1,0,0,0,1,0,1,0,0,0,0,0,0,0,1,0,1,1,0,0,1,0
s0391_1,1,1,0,0,1,1,0,0,0,1,1,1,0,1,1,0,1,1,1,1,1,1,1,0,1,0,0,1,1,1,1,0,0,1,0,1,0,1,1,0,1,0,1,0,1,1,0,0,0,1,1
s0392_1,1,1,0,0,1,1,1,0,0,1,0,1,0,0,1,0,1,0,0,1,1,1,0,0,0,0,0,1,1,1,0,1,0,0,0,0,0,0,1,1,0,1,1,1,1,1,1,0,1,1,1
s0393_1,1,0,1,0,1,0,0,0,1,0,1,0,1,1,1,0,0,1,0,1,1,0,0,1,0,0,1,1,0,1,0,1,1,1,1,1,1,1,1,0,0,0,1,1,1,0,0,1,0,1,1
s0394_1,1,1,0,1,0,1,1,1,1,1,0,1,0,0,1,1,0,1,0,0,0,1,0,1,1,1,0,1,0,1,1,0,1,0,0,0,0,0,0,1,0,0,0,0,0,1,0,0,1,0,1
s0395_1,1,1,0,1,1,1,1,1,0,0,1,1,1,1,1,0,1,1,1,1,0,0,0,0,0,1,1,0,0,0,1,1,0,0,0,0,1,1,0,1,1,1,0,0,0,1,0,1,0,1,1
s0396_1,1,1,0,1,1,0,1,1,1,0,0,0,0,1,0,1,1,1,0,1,1,1,0,0,1,1,0,0,1,0,0,0,1,0,0,0,0,0,1,0,0,0,1,1,0,1,1,1,1,0,0
s0397_1,1,1,0,1,0,0,1,1,1,0,0,1,1,0,0,0,1,1,1,0,1,1,1,0,1,0,1,1,0,1,1,0,1,1,0,0,1,1,0,1,1,1,0,0,0,0,1,0,0,1,1
s0398_1,1,1,0,1,0,1,1,0,1,0,1,0,1,1,1,1,0,0,0,1,0,1,0,1,0,0,0,0,0,1,0,1,0,0,1,1,1,0,1,1,0,1,0,1,1,0,0,0,0,0,1
s0399_1,1,1,0,0,0,1,0,1,1,1,0,0,1,0,0,0,0,1,1,1,1,0,1,1,0,0,0,1,0,0,0,1,1,0,1,0,0,1,1,0,0,0,0,1,1,1,0,0,0,1,0
s0400_1,1,0,1,0,1,1,1,1,1,0,0,1,1,1,0,1,0,1,0,1,0,0,1,0,0,1,0,0,1,0,0,0,0,1,0,1,1,1,1,1,1,1,0,1,1,1,0,0,1,0,0
s0401_1,1,1,0,0,0,1,1,0,1,1,1,1,1,0,0,1,0,0,1,1,1,0,1,1,0,1,0,1,1,0,0,1,1,1,0,0,1,1,0,1,0,0,1,1,1,1,0,0,1,1,1
s0402_1,1,1,0,1,0,0,1,0,1,0,1,0,0,1,1,0,0,1,1,1,0,1,1,0,1,0,1,1,1,1,1,0,0,1,1,1,0,1,1,1,0,0,0,1,0,0,0,0,1,1,0
s0403_1,1,0,1,1,0,1,0,1,1,0,0,1,1,1,1,0,1,0,1,1,0,1,1,1,0,0,1,1,0,0,0,0,1,0,1,1,0,1,1,0,1,1,1,0,0,1,0,1,1,1,0
s0404_1,1,0,1,1,1,1,0,0,1,1,1,0,1,1,1,1,0,1,0,1,0,1,0,0,0,1,0,0,1,0,0,0,1,1,1,0,0,0,0,0,0,0,1,1,1,0,1,0,1,1,0
s0405_1,1,0,1,0,0,1,0,1,0,1,0,0,0,0,0,1,1,0,1,0,0,0,1,1,1,0,0,0,1,0,0,1,1,1,1,1,0,1,0,0,0,1,0,0,0,0,1,1,1,1,0
s0406_1,1,0,1,0,0,1,0,1,0,0,1,1,1,1,0,1,0,0,0,1,1,0,0,0,1,0,0,0,1,0,0,0,0,0,0,0,0,0,0,0,0,1,1,1,1,1,0,1,0,0,1
s0407_1,1,1,0,0,0,0,1,0,1,0,1,0,0,1,1,0,0,1,1,0,0,0,1,1,0,0,0,0,1,0,1,0,0,0,1,1,1,1,1,0,1,0,1,0,1,0,0,0,0,0,1
s0408_1,1,1,0,0,1,1,1,1,1,1,0,0,0,1,1,0,0,0,0,1,1,0,0,1,0,0,1,0,0,1,1,1,0,0,0,0,0,1,1,1,0,0,1,0,0,0,0,0,1,0,0
s0409_1,1,1,0,1,1,1,0,0,1,1,0,0,1,0,1,0,1,1,1,0,0,0,0,0,0,0,1,1,0,1,1,0,0,0,1,0,0,0,1,1,0,1,0,1,0,1,0,1,0,1,1
s0410_1,1,0,1,1,0,0,1,1,0,1,1,1,0,1,0,1,1,0,0,0,1,1,1,0,1,1,0,0,0,0,1,1,0,1,0,0,0,1,0,0,1,1,1,0,0,0,0,1,1,0,1
s0411_1,1,0,1,1,1,1,1,0,0,0,0,0,0,0,0,1,0,1,0,1,1,1,1,0,0,1,0,0,0,1,1,0,0,1,0,0,1,1,0,1,1,0,1,0,0,1,1,1,0,1,0
s0412_1,1,1,0,0,1,0,0,1,0,1,1,0,1,0,1,1,0,0,1,1,0,0,0,1,1,0,0,1,1,0,1,0,0,1,0,1,1,0,1,1,1,0,0,0,0,0,1,0,0,0,0
s0413_1,1,1,0,1,1,1,1,0,0,1,0,0,0,0,0,0,1,1,1,1,1,0,0,0,1,0,0,1,0,1,0,1,1,1,1,1,0,0,0,1,0,1,0,0,0,0,0,0,1,1,0
s0414_1,1,1,0,0,1,0,1,1,1,1,0,1,0,1,1,1,1,0,1,1,0,1,1,1,0,1,1,1,0,0,0,0,1,0,0,1,1,1,0,1,0,0,0,0,0,0,1,0,0,1,0
s0415_1,1,0,1,1,1,1,0,0,0,0,0,1,0,1,1,1,1,0,0,1,1,1,0,1,0,1,0,0,0,0,0,0,0,0,1,1,1,0,0,0,1,0,0,1,1,0,0,1,0,0,0
s0416_1,1,1,0,1,0,1,1,0,1,1,0,0,1,0,1,0,1,0,1,0,0,0,0,1,0,1,0,0,1,1,1,1,1,0,0,1,0,1,1,0,1,1,1,0,1,0,0,1,0,1,1
s0417_1,1,1,0,1,1,0,0,0,0,1,0,0,1,1,1,0,0,0,0,0,1,1,0,1,0,1,0,0,0,0,0,1,1,0,1,1,0,1,0,1,1,1,0,1,0,0,1,1,1,0,1
s0418_1,1,0,1,1,0,1,1,1,0,0,0,1,1,1,1,1,1,1,1,1,1,1,1,0,0,1,1,0,1,1,0,0,0,1,1,0,0,1,0,1,1,1,1,1,0,0,1,0,0,1,1
s0419_1,1,0,1,0,1,1,0,1,1,0,1,1,1,0,1,0,1,1,0,0,1,0,0,0,1,1,0,0,1,1,0,1,1,0,0,0,0,0,1,0,1,1,1,0,1,1,1,0,1,0,0
s0420_1,1,0,1,0,1,0,1,0,1,1,1,1,0,0,0,1,1,0,0,1,1,0,1,0,0,1,1,1,1,1,0,0,0,1,1,1,1,1,1,1,1,0,0,1,1,0,1,1,0,1,1
s0421_1,1,1,0,0,1,0,0,0,1,1,1,0,0,1,0,0,0,1,0,0,0,0,1,1,0,1,0,0,0,1,1,1,1,1,1,1,1,1,1,0,1,0,0,1,1,0,1,0,0,1,0
s0422_1,1,0,1,0,1,0,0,0,0,1,1,1,0,1,1,1,1,0,1,1,0,0,1,0,1,1,0,0,0,0,0,0,1,0,0,0,0,0,1,1,1,1,0,1,0,0,0,0,1,1,0
s0423_1,1,0,1,1,1,1,0,0,0,0,0,0,0,1,1,0,1,0,1,0,1,1,0,0,1,0,1,1,0,1,0,0,0,0,1,1,0,1,1,1,0,0,0,0,0,1,0,1,1,0,1
s0424_1,1,1,0,0,0,1,0,0,1,0,1,0,0,0,0,0,0,1,1,1,1,0,1,1,0,1,1,1,0,0,0,1,1,0,0,1,1,1,1,0,0,1,0,0,0,0,1,0,1,0,0
s0425_1,1,1,0,1,0,1,1,0,1,0,0,1,0,1,0,0,0,1,0,1,1,1,0,1,1,0,1,0,0,0,0,1,0,1,1,0,0,1,1,0,0,1,0,0,1,1,0,0,1,0,0
s0426_1,1,0,1,0,1,0,1,0,0,0,0,1,0,1,0,0,1,1,0,1,1,0,0,1,0,0,0,1,1,1,0,0,0,1,1,0,1,0,0,0,1,0,1,1,0,0,0,0,0,0,0
s0427_1,1,0,1,1,0,0,1,1,0,0,1,0,1,1,1,0,0,1,1,0,0,1,1,1,0,0,1,1,0,1,1,0,0,1,0,1,1,0,0,0,0,1,0,1,0,1,0,1,1,0,0
s0428_1,1,1,0,1,0,1,0,1,1,0,1,0,0,1,0,0,0,1,1,0,1,1,1,1,0,0,0,0,0,1,0,0,1,0,0,1,1,0,1,0,0,0,1,1,1,1,1,1,1,0,1
s0429_1,1,1,0,0,0,1,0,1,1,0,0,0,0,1,0,1,1,0,1,0,1,1,1,0,0,0,0,0,0,1,1,1,1,0,1,1,0,1,1,0,0,1,1,1,0,0,0,1,1,1,0
s0430_1,1,0,1,0,0,1,1,0,1,1,1,1,1,1,1,1,0,1,0,1,1,0,0,0,0,0,0,1,0,0,0,1,0,0,0,1,1,1,0,0,1,1,1,0,1,1,1,1,1,1,0
s0431_1,1,1,0,1,0,1,0,0,1,0,1,1,1,1,1,1,0,0,1,0,1,0,1,1,1,0,1,1,0,1,1,0,0,0,1,0,1,0,1,0,0,0,0,0,0,1,1,1,0,0,1
s0432_1,1,0,1,0,0,1,1,0,0,1,0,1,1,0,0,0,1,1,0,0,1,0,1,0,0,0,1,0,1,0,0,0,0,1,0,0,1,1,1,1,0,1,0,1,0,1,1,1,0,0,0
s0433_1,1,1,0,1,0,1,0,0,1,0,0,1,0,1,0,0,0,0,1,1,0,1,1,1,0,1,1,1,1,0,1,1,1,1,0,1,0,1,1,1,1,0,0,0,1,1,1,0,1,1,1
s0434_1,1,0,1,0,0,1,1,0,0,1,0,0,0,0,0,0,0,0,1,0,1,1,0,1,0,0,1,0,1,0,1,1,1,1,0,1,0,1,0,0,0,1,0,0,1,0,1,1,0,1,1
s0435_1,1,0,1,1,1,1,1,0,1,0,1,0,1,0,1,0,0,1,1,0,0,1,0,1,0,0,0,1,1,1,1,1,1,1,0,1,1,0,1,1,1,0,1,1,0,0,1,0,0,1,1
s0436_1,1,0,1,1,0,0,0,1,0,0,0,0,1,1,0,0,1,1,1,1,1,1,0,1,0,1,0,1,1,0,0,0,1,0,0,0,0,1,1,0,0,0,0,0,1,1,1,1,1,1,1
s0437_1,1,0,1,1,1,0,1,1,1,0,0,1,1,1,0,0,0,0,1,1,0,1,1,0,0,0,1,1,0,0,0,1,0,0,1,0,1,0,1,1,0,0,0,0,1,0,0,1,0,0,0
s0438_1,1,0,1,1,0,1,1,1,1,0,1,0,1,0,0,0,0,0,1,1,0,0,1,1,1,0,0,1,0,0,1,0,0,0,0,0,1,0,1,1,0,0,0,1,0,1,1,0,1,1,1
s0439_1,1,1,0,0,0,0,0,1,1,0,0,1,0,1,1,1,0,1,0,1,1,1,0,1,0,0,1,0,0,1,1,1,1,1,1,1,1,0,1,1,1,1,1,0,1,0,1,1,0,1,1
s0440_1,1,1,0,1,1,0,1,0,1,1,1,0,1,1,0,1,1,0,0,0,0,0,0,1,1,0,0,1,0,1,0,0,0,0,1,0,0,0,0,1,1,0,0,0,0,0,1,1,0,0,1
s0441_1,1,0,1,1,0,0,1,1,0,1,0,1,1,1,0,0,0,1,0,1,0,1,1,0,0,0,0,0,1,1,1,0,0,0,1,1,0,0,1,1,1,0,0,0,0,1,0,0,1,1,1
s0442_1,1,0,1,1,0,1,1,0,1,1,1,1,1,0,0,1,1,0,0,0,0,1,0,0,1,0,1,0,0,0,0,0,1,0,1,0,1,1,0,0,1,1,1,1,0,0,0,1,0,0,0
s0443_1,1,0,1,0,0,0,0,1,0,1,0,0,0,0,1,1,1,0,0,0,1,0,1,1,0,0,0,1,0,0,0,0,0,0,1,0,1,1,1,1,1,0,1,0,1,0,1,1,0,0,1
s0444_1,1,0,1,0,0,1,1,0,0,1,0,1,1,0,0,0,0,0,1,1,0,0,1,1,1,0,0,0,1,1,1,0,1,1,0,0,0,1,1,1,0,1,1,0,1,1,0,1,1,0,0
s0445_1,1,0,1,1,1,1,0,0,0,0,1,0,0,0,0,1,0,1,0,1,0,1,0,1,1,0,0,0,1,0,0,1,0,1,1,0,1,0,1,0,1,1,1,0,0,1,0,1,0,1,0
s0446_1,1,0,1,0,0,1,0,1,1,1,0,0,0,1,0,0,1,1,0,1,1,0,0,0,1,1,0,0,1,1,0,0,1,1,0,0,0,1,1,0,0,0,1,0,0,0,0,1,1,0,1
s0447_1,1,1,0,0,1,1,1,0,1,0,1,0,1,1,1,1,0,0,0,1,0,0,1,1,1,1,1,1,0,1,1,0,0,1,0,0,1,0,1,0,0,0,0,0,0,1,1,0,0,1,0
s0448_1,1,1,0,0,0,1,1,0,1,1,0,1,1,0,0,0,0,1,1,0,1,1,0,0,1,0,0,1,0,0,1,0,0,1,1,0,0,1,1,1,0,0,1,1,0,1,0,0,1,1,1
s0449_1,1,0,1,1,1,0,0,1,0,1,0,0,0,0,0,0,1,0,0,0,0,1,1,1,1,0,0,0,0,0,1,1,0,0,0,0,0,1,0,1,0,1,0,0,0,1,1,0,0,0,0
s0450_1,1,1,0,1,0,1,0,0,0,1,0,1,1,0,0,1,0,0,0,1,1,1,0,0,1,0,1,1,1,0,0,1,1,1,0,1,1,0,1,0,0,1,1,0,0,0,0,0,1,1,1
s0451_1,1,1,0,1,0,0,1,1,0,1,1,1,0,1,1,0,1,1,1,1,0,1,1,0,0,0,0,1,0,1,0,1,1,0,1,1,1,1,1,1,1,1,1,0,0,1,1,0,0,1,0
s0452_1,1,0,1,0,0,1,1,1,1,1,0,0,0,1,0,1,0,1,0,1,1,0,1,1,1,1,0,1,1,1,1,1,0,1,0,0,1,0,0,0,1,1,0,1,0,1,1,1,0,0,1
s0453_1,1,1,0,1,0,1,1,0,0,1,0,0,0,0,1,1,0,1,1,0,1,1,1,1,0,1,0,1,1,1,0,0,0,1,0,1,1,1,0,1,1,1,0,0,0,1,0,1,1,0,0
s0454_1,1,1,0,0,1,1,1,1,1,1,1,0,0,0,1,0,0,1,1,1,0,1,1,0,1,1,1,0,1,1,0,0,1,0,0,0,1,0,0,1,1,1,0,0,1,0,1,0,0,1,1
s0455_1,1,1,0,0,1,1,0,1,0,1,0,1,0,0,1,1,1,1,0,0,1,1,0,1,1,1,0,0,0,0,1,0,0,1,1,0,1,0,0,0,1,1,0,0,0,1,0,1,0,1,1
s0456_1,1,0,1,1,0,0,1,1,1,1,1,0,1,1,0,0,0,0,1,1,0,1,0,0,1,1,1,1,0,0,0,0,0,0,1,1,1,1,0,1,1,0,0,1,1,1,0,0,0,1,1
s0457_1,1,0,1,1,1,1,0,0,1,0,1,1,0,0,1,1,0,0,0,0,0,0,0,1,1,1,0,0,1,0,1,1,0,1,1,1,0,0,1,1,0,0,1,1,1,1,1,1,0,1,0
s0458_1,1,1,0,1,1,0,0,1,1,0,0,1,1,1,0,1,1,0,1,0,1,1,1,1,1,1,0,1,1,1,1,0,1,0,1,1,1,0,0,0,1,0,1,0,1,0,0,0,0,1,1
s0459_1,1,1,0,0,0,1,1,0,1,1,1,0,1,1,1,0,1,0,1,1,0,0,1,0,0,0,1,1,0,1,1,1,1,1,0,0,1,1,0,1,1,1,0,0,0,1,0,1,0,0,1
s0460_1,1,1,0,0,1,0,1,0,0,1,0,0,0,0,0,0,0,1,0,0,1,0,0,1,0,1,1,0,1,1,1,0,0,0,1,0,1,1,1,1,1,1,1,0,1,1,1,0,0,0,1
s0461_1,1,1,0,1,1,0,1,0,1,0,0,0,1,1,1,1,1,1,1,1,0,1,1,1,1,0,1,1,0,1,1,1,1,1,0,0,1,0,0,0,1,0,1,0,1,1,0,0,1,0,1
s0462_1,1,1,0,0,1,0,1,1,0,0,1,1,0,1,1,0,1,0,1,1,0,0,1,0,0,1,0,1,0,1,1,1,0,1,0,0,0,0,0,1,0,1,1,0,1,0,1,1,1,1,0
s0463_1,1,1,0,0,0,1,1,0,1,0,1,1,0,0,1,0,1,1,1,0,1,0,0,0,1,0,1,0,1,1,1,0,1,0,1,1,0,1,0,0,1,0,1,1,0,1,0,0,1,0,0
s0464_1,1,0,1,0,0,0,0,1,1,0,0,1,1,1,0,0,1,1,0,1,1,1,1,1,0,1,0,0,1,1,0,1,1,0,1,1,0,0,1,0,0,0,1,0,0,0,0,0,0,0,0
s0465_1,1,1,0,0,0,1,0,1,1,1,1,1,0,1,1,1,1,1,1,0,0,1,0,1,1,0,1,0,1,0,1,0,1,0,1,1,1,0,0,1,1,0,1,1,0,1,0,0,1,1,1
s0466_1,1,1,0,0,0,1,1,0,0,1,1,1,1,0,0,0,1,0,1,0,0,1,0,1,1,1,1,1,0,1,0,0,0,0,1,1,1,1,0,0,0,1,0,0,0,1,1,1,1,1,0
s0467_1,1,0,1,0,1,1,0,1,0,1,1,1,0,1,0,1,0,1,1,1,0,1,0,0,0,0,0,0,1,1,1,1,1,1,0,0,0,1,1,0,0,1,0,0,0,1,0,0,0,0,0
s0468_1,1,1,0,0,0,0,0,1,0,0,1,1,1,0,1,0,1,0,1,1,0,0,0,1,1,1,0,1,0,0,1,1,1,0,1,1,0,1,0,0,0,0,1,1,1,1,1,1,0,0,1
s0469_1,1,1,0,0,1,0,0,1,1,0,1,1,1,1,0,0,0,0,0,1,1,1,1,0,0,1,0,1,1,0,1,0,0,0,0,0,0,1,1,0,0,1,1,0,1,1,1,1,1,0,0
s0470_1,1,1,0,0,1,1,1,1,1,0,0,0,1,1,1,1,0,0,0,1,0,0,0,0,0,1,0,1,1,0,0,0,0,1,0,1,1,1,1,1,1,1,0,0,1,0,1,0,1,0,1
s0471_1,1,1,0,1,1,1,0,0,1,1,0,0,0,0,1,0,0,0,1,0,0,1,1,1,0,0,1,0,1,1,0,0,0,1,1,1,0,0,1,1,0,1,0,1,0,1,0,0,0,0,1
s0472_1,1,1,0,0,0,0,1,1,1,0,1,1,1,0,1,0,1,1,1,1,1,1,0,1,1,1,0,0,0,1,1,0,0,1,0,1,1,1,0,1,1,0,0,0,0,1,1,0,0,1,1
s0473_1,1,0,1,0,1,1,1,1,0,1,1,1,1,1,1,1,0,1,0,0,0,1,1,1,1,0,0,1,1,0,1,1,0,0,1,0,1,1,1,1,0,1,1,1,1,1,1,0,0,1,1
s0474_1,1,1,0,1,1,1,1,1,0,1,1,1,0,0,0,0,0,0,0,0,1,0,0,1,1,0,1,0,0,0,1,0,0,1,1,0,1,1,0,1,0,0,1,0,1,1,0,1,0,0,0
s0475_1,1,0,1,1,1,0,1,1,1,0,0,1,0,0,1,0,0,1,1,0,1,1,0,1,0,1,1,0,0,0,0,0,1,0,0,0,0,1,1,1,1,0,1,0,0,1,0,0,0,0,0
s0476_1,1,1,0,1,0,0,1,1,1,1,1,1,1,1,0,1,1,1,1,0,0,1,1,1,0,1,0,1,0,0,0,0,1,1,1,1,1,1,1,1,0,1,1,0,1,0,1,1,0,0,1
s0477_1,1,1,0,0,0,0,0,1,1,1,0,1,0,1,1,1,0,1,0,1,1,0,0,0,1,1,0,1,1,0,1,1,0,0,1,1,0,1,0,1,0,1,0,1,0,0,0,1,1,0,0
s0478_1,1,1,0,1,1,0,1,0,0,1,1,1,1,1,0,1,1,0,1,1,1,0,0,0,1,0,0,0,0,1,1,0,1,1,0,0,1,0,0,0,0,0,1,1,0,1,1,1,1,1,0
s0479_1,1,1,0,0,1,0,0,1,0,1,0,0,0,0,0,1,0,1,0,0,0,1,0,1,0,0,1,0,1,1,0,1,0,1,0,1,0,0,1,0,1,0,0,1,1,0,1,1,0,0,0
s0480_1,1,1,0,1,1,1,0,0,1,0,0,1,0,1,0,1,1,1,0,0,1,1,0,0,0,0,1,1,1,0,1,1,0,0,1,0,1,1,1,0,1,0,0,1,1,1,0,0,0,1,1
s0481_1,1,0,1,0,0,1,1,1,1,0,0,1,0,1,1,1,1,0,0,0,0,1,1,0,1,1,0,1,1,1,1,1,1,0,1,0,0,0,0,1,0,0,0,1,1,0,0,0,0,1,1
s0482_1,1,1,0,0,1,1,1,0,1,1,0,1,0,1,1,1,1,0,0,0,0,0,0,0,1,1,1,0,1,0,1,0,1,0,1,0,0,1,1,1,0,1,1,0,1,1,1,0,0,1,1
s0483_1,1,0,1,1,1,0,0,1,0,1,0,0,1,0,0,1,0,1,1,1,1,0,1,1,0,0,1,0,1,1,1,0,0,1,1,1,1,0,1,1,1,1,1,1,1,1,0,0,0,1,0
s0484_1,1,0,1,0,0,0,1,0,0,0,0,1,1,0,1,1,1,1,0,1,1,0,0,0,0,0,0,0,1,1,1,1,1,0,0,1,0,0,0,0,1,0,0,0,0,0,1,0,0,0,1
s0485_1,1,1,0,0,0,0,0,0,0,0,1,1,1,1,1,1,1,1,1,0,1,0,0,0,0,1,1,1,0,0,0,0,0,0,1,1,0,0,0,1,0,1,1,1,0,1,0,1,0,1,1
s0486_1,1,0,1,0,0,0,0,1,0,1,0,1,0,1,0,1,0,1,0,0,1,0,0,0,1,1,0,1,1,1,1,1,0,1,1,1,0,1,0,0,1,1,0,0,1,1,0,1,0,1,1
s0487_1,1,0,1,0,1,1,1,0,1,0,0,1,0,1,1,1,1,1,1,1,1,1,1,0,0,0,0,0,0,0,1,0,0,0,0,1,0,1,1,0,0,1,0,1,1,0,1,1,0,1,0
s0488_1,1,0,1,0,1,0,1,0,1,0,1,1,1,0,1,1,0,0,0,0,1,0,0,0,1,1,1,1,0,0,1,0,0,0,1,0,0,0,1,1,1,1,0,0,1,1,1,0,0,0,1
s0489_1,1,1,0,1,1,0,0,1,0,1,1,0,0,1,1,0,0,1,1,1,1,0,1,0,1,0,1,0,1,0,1,0,0,1,1,0,1,1,1,1,0,0,1,0,1,0,0,1,1,1,0
s0490_1,1,0,1,0,1,1,1,0,1,1,0,1,1,1,1,1,1,0,0,1,1,0,0,1,0,0,0,0,1,1,1,0,1,0,1,1,1,1,1,0,0,0,1,0,1,0,1,1,0,0,1
s0491_1,1,1,0,0,0,1,1,0,1,1,1,1,0,1,0,1,0,1,1,0,1,0,0,1,0,0,0,0,1,0,1,1,1,1,1,0,0,1,1,0,1,1,0,0,0,1,1,0,1,1,1
s0492_1,1,1,0,1,1,1,1,1,0,0,1,1,0,0,0,1,0,1,1,1,0,1,0,0,0,1,1,0,1,0,1,1,1,1,1,1,1,0,0,1,1,0,1,0,1,0,1,1,0,1,0
s0493_1,1,1,0,0,0,0,1,0,0,0,0,1,1,1,1,1,1,1,0,0,1,1,1,1,1,1,0,1,0,0,1,1,1,1,0,0,0,0,1,0,1,0,0,0,1,0,0,0,0,0,1
s0494_1,1,0,1,0,0,0,0,1,0,0,1,0,0,1,0,1,0,0,1,1,0,0,0,0,1,1,0,1,0,1,1,1,0,1,1,0,0,0,1,0,0,1,0,0,1,1,1,0,1,1,1
s0495_1,1,1,0,0,0,0,0,0,1,0,0,0,1,1,0,0,1,1,0,1,0,0,0,0,0,0,0,1,0,0,0,0,0,1,1,1,1,0,1,1,1,1,1,0,0,0,0,1,1,0,1
s0496_1,1,1,0,1,0,1,0,0,0,0,0,0,0,0,0,0,0,0,1,0,0,0,0,1,0,1,0,1,1,1,0,1,1,0,0,0,0,0,1,0,0,1,1,0,0,1,1,1,1,1,1
s0497_1,1,1,0,1,0,0,1,1,0,0,1,1,0,1,0,1,1,1,1,1,0,0,0,1,0,0,0,1,1,1,1,0,0,0,1,0,0,1,0,0,0,1,0,1,0,0,0,1,1,1,1
s0498_1,1,0,1,1,1,1,1,1,1,1,0,0,0,1,1,0,0,1,0,1,0,1,1,0,0,1,0,1,0,0,1,1,0,0,0,1,1,1,0,0,0,0,0,0,0,0,0,1,1,1,1
s0499_1,1,0,1,0,1,0,0,0,0,0,0,1,0,1,0,1,0,0,1,0,1,0,0,0,1,1,1,1,1,0,0,1,0,0,1,0,0,0,0,0,0,1,0,1,0,1,1,1,0,1,0
s0500_1,1,0,1,1,1,0,0,1,0,0,1,1,1,0,0,0,1,0,1,0,1,0,0,1,0,0,1,1,0,0,1,0,0,0,1,0,1,1,0,0,0,1,0,1,0,0,0,1,0,1,0
