,REL001,y,REL002,IRR003,IRR004,IRR005,IRR006,IRR007,IRR008,IRR009,IRR010,IRR011,IRR012,IRR013,IRR014,IRR015,IRR016,IRR017,IRR018,IRR019,IRR020,IRR021,IRR022,IRR023,IRR024,IRR025,IRR026,IRR027,IRR028,IRR029,IRR030,IRR031,IRR032,IRR033,IRR034,IRR035,IRR036,IRR037,IRR038,IRR039,IRR040,IRR041,IRR042,IRR043,IRR044,IRR045,IRR046,IRR047,IRR048,IRR049,IRR050
s0001_0ZERO,1,0ZERO,1,0,0,1,1,1,1,1,0,1,1,1,0,0,0,1,0,0,0,0,1,0,1,0,1,0,1,0,0,0,1,0,1,1,0,0,0,1,0,0,0,1,0,1,1,1,0,1,0
s0002_0ZERO,1,0ZERO,1,1,0,1,1,0,1,1,0,0,1,0,1,1,0,0,1,0,1,0,0,0,0,0,1,1,1,0,0,0,1,0,0,1,1,0,0,0,0,0,0,1,1,0,1,1,1,0,0
s0003_0ZERO,0,0ZERO,0,1,0,1,1,0,0,0,0,1,1,0,0,1,0,1,0,1,1,0,0,0,1,0,0,1,1,0,1,0,1,0,1,0,1,0,1,1,0,1,1,1,1,1,0,1,0,0,1
s0004_0ZERO,0,0ZERO,0,1,1,0,1,1,1,0,1,1,0,0,1,0,1,0,0,1,0,0,1,1,0,0,0,0,1,1,0,0,1,0,0,0,0,0,1,0,0,0,1,0,0,1,0,1,0,1,1
s0005_0ZERO,1,0ZERO,1,0,0,0,0,1,0,1,1,0,1,0,0,0,1,1,0,0,0,1,1,0,0,1,1,0,1,0,0,1,1,1,1,0,0,1,1,1,0,1,1,1,1,1,1,0,0,0,1
s0006_0ZERO,0,0ZERO,0,0,1,0,1,0,1,0,1,0,1,1,1,1,0,0,0,0,1,0,1,0,1,1,0,1,1,0,0,1,0,1,1,0,1,1,1,1,0,0,1,1,0,0,0,0,0,1,0
s0007_0ZERO,0,0ZERO,0,1,0,1,0,1,0,1,0,0,0,0,0,0,1,0,1,1,0,0,0,0,0,1,0,1,0,0,0,0,0,1,0,1,0,1,1,1,0,1,0,0,1,0,1,1,1,1,1
s0008_0ZERO,0,0ZERO,0,0,0,1,0,1,1,0,0,1,0,0,1,0,1,1,0,0,1,1,0,1,1,0,1,0,1,0,0,1,1,0,0,0,0,1,1,0,0,1,0,1,0,1,1,0,1,1,1
s0009_0ZERO,0,0ZERO,0,1,1,0,0,1,1,0,0,1,1,1,0,0,1,0,1,1,1,0,1,0,0,1,1,1,0,1,1,0,0,0,0,0,0,1,0,1,1,0,0,1,0,0,1,1,0,1,0
s0010_0ZERO,0,0ZERO,0,0,0,0,0,0,0,0,1,0,0,1,0,1,0,0,1,1,0,0,1,1,0,0,0,1,0,0,0,1,0,0,1,1,1,0,1,1,0,1,0,1,0,0,0,0,1,0,1
s0011_0ZERO,1,0ZERO,1,1,0,0,1,0,1,1,1,0,0,0,0,1,1,1,1,0,1,0,1,1,1,1,0,0,1,0,0,1,1,0,0,0,1,0,1,1,1,0,0,1,0,1,1,0,0,1,1
s0012_0ZERO,1,0ZERO,1,0,1,0,1,0,0,0,0,0,0,1,1,1,0,0,1,1,0,0,0,1,1,1,0,0,1,0,1,1,1,0,0,0,1,0,0,0,0,0,0,0,0,0,0,0,1,0,0
s0013_0ZERO,1,0ZERO,1,0,0,0,1,1,1,0,0,0,0,0,0,0,0,0,1,0,0,1,1,1,0,1,1,0,0,0,0,0,1,0,0,1,1,1,0,0,0,0,0,0,1,1,0,0,0,0,1
s0014_0ZERO,1,0ZERO,1,1,0,0,1,0,0,0,1,1,1,0,1,1,0,1,1,0,0,1,0,0,0,1,0,1,0,1,0,0,0,1,1,0,0,1,1,1,1,1,0,1,1,0,1,0,0,1,1
s0015_0ZERO,0,0ZERO,0,0,1,0,0,0,0,1,1,1,0,0,0,0,1,0,0,0,0,0,1,1,0,1,0,1,0,0,1,0,0,0,0,0,0,0,1,1,0,0,0,0,1,1,1,1,1,0,0
s0016_0ZERO,0,0ZERO,0,1,0,0,0,1,1,1,0,1,0,1,1,0,1,1,0,0,1,0,0,1,0,1,1,1,1,0,0,1,1,1,1,1,0,1,0,0,1,0,1,0,0,0,1,0,1,1,1
s0017_0ZERO,1,0ZERO,1,0,1,0,1,0,1,1,0,1,0,0,0,1,1,0,0,0,1,1,0,1,0,0,1,0,0,0,0,1,0,1,0,0,1,0,1,0,1,1,1,0,0,1,1,0,0,1,0
s0018_0ZERO,0,0ZERO,0,0,0,0,0,1,0,0,1,1,0,1,0,0,1,0,0,1,0,0,1,1,1,0,1,0,0,1,1,0,0,0,1,0,0,1,1,1,0,0,1,1,1,0,0,1,1,0,0
s0019_0ZERO,0,0ZERO,0,0,1,0,1,1,1,0,0,1,0,0,0,0,0,1,0,0,0,0,1,0,0,0,1,0,1,0,0,0,0,1,0,1,1,1,0,1,0,1,0,0,1,1,0,0,1,1,0
s0020_0ZERO,0,0ZERO,0,0,0,0,1,1,0,1,1,1,0,0,0,0,1,0,1,0,1,0,0,1,0,1,1,1,0,1,1,1,0,1,0,0,1,0,0,1,0,0,1,0,0,1,1,0,0,0,0
s0021_0ZERO,1,0ZERO,1,0,0,0,1,1,1,0,1,0,0,0,1,1,1,0,1,1,0,1,1,1,1,1,0,1,0,0,0,0,1,0,0,1,1,1,0,0,0,1,0,0,0,0,0,0,1,0,0
s0022_0ZERO,1,0ZERO,1,1,0,1,0,0,0,0,1,0,1,0,1,0,0,0,1,0,1,0,1,0,0,0,1,1,0,1,1,0,1,1,1,0,1,1,0,1,0,1,0,0,1,1,0,1,0,1,0
s0023_0ZERO,0,0ZERO,0,1,0,1,1,0,1,0,0,0,0,1,1,0,1,0,1,0,0,1,0,0,0,1,0,1,0,0,0,1,1,0,0,1,1,0,1,0,0,1,0,0,1,0,1,1,0,0,0
s0024_0ZERO,0,0ZERO,0,1,1,1,1,0,1,0,1,1,0,0,1,1,0,0,1,1,1,1,0,1,1,1,0,1,1,0,1,0,0,0,1,0,1,1,0,1,1,0,1,0,1,1,1,0,1,0,0
s0025_0ZERO,0,0ZERO,0,1,1,0,0,1,1,1,1,0,1,1,1,0,1,0,0,1,1,1,1,1,1,0,1,1,0,1,1,0,1,0,1,1,1,0,0,1,1,1,1,0,1,1,0,1,0,0,1
s0026_0ZERO,1,0ZERO,1,1,0,0,0,1,0,1,1,0,0,1,0,0,1,0,1,0,0,0,1,1,0,0,1,1,0,1,0,1,0,0,1,1,1,0,0,1,1,0,1,1,0,0,1,1,1,0,0
s0027_0ZERO,0,0ZERO,0,0,1,1,0,1,1,1,0,0,1,0,0,1,1,0,0,0,0,0,0,1,1,1,0,1,0,1,1,1,0,0,1,0,1,1,0,1,0,1,0,1,1,1,0,1,1,1,1
s0028_0ZERO,0,0ZERO,0,0,1,0,0,0,0,0,1,1,0,1,1,0,1,1,1,0,1,0,0,1,1,1,0,1,0,1,0,0,0,1,1,1,1,0,1,0,1,0,0,1,1,0,1,0,1,1,1
s0029_0ZERO,0,0ZERO,0,0,0,1,1,0,0,0,1,0,0,1,1,1,1,1,0,0,0,1,0,0,0,1,0,0,1,1,0,0,1,1,0,0,1,0,0,1,0,1,1,1,0,1,0,0,0,1,1
s0030_0ZERO,1,0ZERO,1,0,0,0,1,0,1,0,1,1,0,1,1,1,1,0,1,1,1,0,0,1,0,1,1,0,1,0,1,1,0,1,0,1,0,1,0,0,1,1,1,1,0,0,1,0,0,1,0
s0031_0ZERO,1,0ZERO,1,0,0,1,1,1,1,0,0,0,0,0,0,0,0,1,0,1,0,1,1,0,1,1,1,0,1,1,1,1,1,1,0,0,0,1,1,1,1,1,0,0,0,0,1,1,1,1,1
s0032_0ZERO,1,0ZERO,1,1,1,1,1,0,0,1,1,1,1,1,0,0,1,1,1,0,1,1,1,1,1,0,0,0,0,0,1,0,0,0,1,1,0,1,0,0,0,1,1,1,1,0,0,1,0,1,1
s0033_0ZERO,1,0ZERO,1,1,0,0,1,0,0,0,1,0,1,1,1,1,0,1,0,1,1,0,1,1,1,0,1,1,0,1,0,0,0,0,0,1,1,1,1,0,1,1,1,1,0,0,1,0,1,0,1
s0034_0ZERO,0,0ZERO,0,0,0,1,0,0,1,0,0,1,0,1,1,0,1,0,0,1,1,0,1,0,1,1,1,1,1,0,1,0,1,1,0,0,0,1,1,1,0,0,0,0,0,0,1,1,1,0,1
s0035_0ZERO,1,0ZERO,1,1,0,1,1,0,0,1,1,1,0,0,1,0,1,0,0,1,1,1,1,1,1,1,0,0,0,1,1,1,0,0,1,0,1,0,1,0,1,1,1,1,1,0,0,0,0,1,0
s0036_0ZERO,1,0ZERO,1,1,1,0,0,0,0,0,0,0,0,1,1,0,1,0,0,1,1,0,0,1,0,1,1,0,1,1,0,1,0,0,0,1,0,1,1,0,1,0,1,0,0,0,0,1,0,0,1
s0037_0ZERO,1,0ZERO,1,1,1,1,1,0,0,1,1,1,0,0,1,0,0,0,1,0,1,1,1,0,0,1,0,1,1,0,0,1,1,1,1,1,0,1,0,1,1,0,1,0,1,0,1,0,0,1,0
s0038_0ZERO,0,0ZERO,0,1,1,0,0,0,1,0,0,1,1,0,0,1,0,1,1,1,1,1,0,0,1,0,1,1,1,0,1,1,1,0,0,1,1,1,1,1,1,1,0,1,1,0,1,0,1,1,0
s0039_0ZERO,0,0ZERO,0,0,1,1,1,0,0,1,1,1,1,0,0,0,0,0,1,0,1,1,0,1,1,0,0,1,1,1,1,0,0,1,0,1,1,0,1,0,1,0,0,1,1,0,0,1,1,0,0
s0040_0ZERO,1,0ZERO,1,1,1,0,1,1,0,0,1,0,0,0,0,0,1,0,0,0,1,1,1,1,1,1,0,0,0,0,0,1,1,0,0,0,0,0,0,0,0,0,0,1,1,0,0,0,0,1,0
s0041_0ZERO,0,0ZERO,0,1,1,0,0,0,1,0,0,1,1,0,0,1,0,1,1,0,0,1,1,1,1,0,0,1,1,0,0,0,1,0,1,0,1,0,1,1,1,0,1,1,0,1,0,1,1,0,1
s0042_0ZERO,1,0ZERO,1,1,0,0,0,0,0,0,1,0,1,0,0,0,0,0,0,0,1,0,0,0,1,1,1,0,1,0,0,0,1,0,1,1,0,1,1,0,0,1,1,0,1,1,0,0,1,0,1
s0043_0ZERO,1,0ZERO,1,1,1,0,1,0,0,0,0,1,0,0,1,1,1,1,1,0,0,1,1,1,0,0,1,1,1,0,1,0,0,1,0,0,0,1,1,1,0,1,1,1,1,0,0,1,1,0,1
s0044_0ZERO,0,0ZERO,0,0,0,0,1,0,0,0,0,0,0,0,1,0,0,0,1,1,0,1,1,0,1,0,1,1,1,1,1,0,1,0,0,0,0,1,1,0,1,1,1,0,1,0,1,0,1,0,0
s0045_0ZERO,0,0ZERO,0,0,0,1,1,1,1,1,1,1,0,1,1,1,1,1,0,1,0,0,0,0,0,1,1,1,1,1,1,1,1,1,0,1,1,0,0,0,0,1,0,1,1,0,1,1,0,1,1
s0046_0ZERO,0,0ZERO,0,0,0,1,1,0,0,0,1,0,0,0,0,1,0,1,1,0,1,1,0,1,0,0,1,1,1,0,0,1,1,1,1,0,1,0,0,1,1,0,1,0,1,1,0,0,0,0,1
s0047_0ZERO,0,0ZERO,0,0,1,0,1,0,0,1,0,0,1,0,0,1,0,0,1,1,0,1,1,0,1,1,0,0,0,1,1,0,1,0,1,0,0,0,0,0,0,1,1,1,0,1,1,1,0,1,0
s0048_0ZERO,0,0ZERO,0,1,0,1,1,0,1,0,1,0,0,1,1,0,1,1,1,0,0,1,0,1,1,1,1,1,0,1,0,0,1,1,1,1,1,0,0,0,0,1,0,0,1,0,0,1,0,0,1
s0049_0ZERO,1,0ZERO,1,0,0,0,1,1,0,1,1,0,0,1,0,0,0,1,1,0,0,1,0,1,1,0,1,0,0,1,1,1,0,1,1,1,1,1,0,0,0,0,1,1,1,1,0,0,1,1,0
s0050_0ZERO,0,0ZERO,0,1,1,0,0,1,1,1,0,1,1,1,0,0,1,0,1,1,0,1,1,0,1,1,1,1,1,0,0,1,0,1,0,1,0,0,0,1,0,0,0,0,1,0,1,1,0,1,0
s0051_0ZERO,0,0ZERO,0,1,1,0,0,0,1,1,0,1,0,0,0,1,0,1,0,0,1,1,0,0,1,0,0,0,0,0,1,0,0,1,1,1,1,1,1,0,0,0,0,0,0,1,1,0,1,0,1
s0052_0ZERO,1,0ZERO,1,1,0,1,0,1,1,1,1,0,0,0,1,0,1,1,0,0,1,0,0,0,0,0,0,1,1,0,1,1,0,1,1,0,1,1,1,1,1,1,1,1,0,0,1,0,0,1,0
s0053_0ZERO,1,0ZERO,1,1,0,1,0,0,1,0,1,1,0,1,0,1,0,0,0,1,1,0,1,1,1,1,1,0,1,0,0,1,1,1,0,0,1,0,1,1,1,0,0,1,0,0,0,0,0,0,0
s0054_0ZERO,1,0ZERO,1,0,1,1,1,0,0,0,1,1,0,0,0,1,1,0,0,0,1,1,1,0,0,1,1,1,1,1,1,0,1,1,1,1,0,1,0,0,0,1,0,1,0,1,1,0,0,0,1
s0055_0ZERO,0,0ZERO,0,0,1,1,1,0,0,0,0,1,0,0,1,0,0,1,0,1,1,1,1,1,0,1,1,1,0,1,0,1,1,0,0,0,0,0,0,0,1,0,1,1,1,1,0,0,1,1,0
s0056_0ZERO,0,0ZERO,0,1,1,0,0,1,1,1,0,1,0,1,0,0,1,0,1,1,0,0,1,0,0,1,1,1,1,1,0,1,0,1,1,0,1,0,1,1,1,0,0,0,0,1,1,1,1,1,1
s0057_0ZERO,1,0ZERO,1,1,1,0,0,0,1,1,1,0,0,1,0,1,1,1,1,0,0,1,1,0,0,0,0,1,1,0,1,1,0,1,1,1,0,1,1,1,1,1,1,0,1,1,0,0,1,1,0
s0058_0ZERO,0,0ZERO,0,0,1,0,1,1,0,0,1,1,1,0,0,1,0,0,1,0,1,1,1,0,0,0,0,0,0,1,1,1,0,1,1,0,1,0,1,0,0,1,0,1,0,0,0,0,0,1,1
s0059_0ZERO,1,0ZERO,1,1,1,1,0,0,1,0,0,0,0,1,0,1,0,1,0,0,0,0,1,1,1,0,1,0,0,0,1,0,0,0,0,0,0,1,0,0,1,1,1,0,1,0,1,1,1,1,0
s0060_0ZERO,0,0ZERO,0,0,1,0,1,1,0,0,1,1,1,1,0,1,0,0,0,0,0,1,0,1,0,1,0,0,0,0,1,0,1,1,0,0,0,1,1,1,0,1,0,1,0,0,1,0,0,1,1
s0061_0ZERO,0,0ZERO,0,1,0,0,1,1,1,0,0,0,0,0,0,1,1,0,1,0,1,1,1,0,0,0,0,0,0,1,0,1,0,0,0,0,0,0,1,1,0,1,1,0,1,0,0,0,0,1,1
s0062_0ZERO,0,0ZERO,0,1,1,0,0,0,0,1,1,0,1,0,1,0,0,1,0,0,1,1,1,1,1,0,0,0,0,1,1,0,1,0,0,0,1,0,1,0,1,0,0,0,1,0,1,0,1,0,0
s0063_0ZERO,1,0ZERO,1,1,0,0,1,1,0,0,0,1,0,1,0,0,1,1,0,0,0,0,0,0,0,0,1,0,0,1,1,0,1,0,0,0,1,0,1,1,0,1,1,0,0,0,1,0,1,1,1
s0064_0ZERO,1,0ZERO,1,0,1,1,1,1,1,0,0,1,0,0,1,0,0,1,0,0,0,1,0,0,0,0,0,1,0,1,1,0,1,0,1,0,1,0,1,1,1,1,0,1,0,1,1,0,0,0,1
s0065_0ZERO,1,0ZERO,1,1,0,0,1,0,1,1,1,0,0,1,1,0,0,0,1,0,1,1,0,0,0,1,0,0,1,0,0,1,0,0,1,0,1,1,1,0,1,1,1,0,1,1,0,0,0,0,1
s0066_0ZERO,1,0ZERO,1,1,1,1,0,0,1,1,0,0,0,1,1,0,1,0,1,0,1,0,1,0,0,0,1,0,0,1,0,0,1,0,1,0,1,1,0,1,0,0,1,0,0,0,1,1,1,0,0
s0067_0ZERO,1,0ZERO,1,1,0,1,1,0,0,0,1,0,1,1,1,0,1,0,1,1,0,1,0,0,0,0,0,1,0,0,1,0,0,1,0,1,0,0,1,1,0,0,0,1,1,1,0,0,1,1,1
s0068_0ZERO,0,0ZERO,0,0,0,1,1,0,0,0,1,0,0,0,0,1,1,0,1,0,0,1,1,0,0,0,0,0,0,0,0,1,1,0,1,0,0,1,0,0,0,1,0,0,1,0,0,0,0,0,1
s0069_0ZERO,1,0ZERO,1,0,0,0,1,0,0,1,0,0,0,1,1,0,0,1,1,1,1,1,1,0,0,0,1,0,1,1,0,0,0,0,1,1,0,0,0,0,0,1,0,0,0,1,1,0,0,1,0
s0070_0ZERO,0,0ZERO,0,0,1,1,0,1,0,0,0,1,1,1,0,0,1,0,0,1,1,1,1,1,1,1,0,1,0,1,0,0,0,1,0,1,1,0,1,0,1,0,1,0,0,0,1,0,1,1,0
s0071_0ZERO,0,0ZERO,0,1,0,1,0,0,1,0,1,1,1,1,1,0,0,1,1,0,1,0,0,0,1,1,1,1,1,0,1,0,0,0,1,1,0,1,0,0,0,1,0,1,0,0,1,1,0,1,1
s0072_0ZERO,1,0ZERO,1,1,1,0,1,0,0,1,0,0,1,0,1,0,1,0,1,0,1,0,1,1,0,1,1,0,1,1,0,1,1,0,0,0,1,1,0,0,1,1,0,1,0,0,1,0,0,1,1
s0073_0ZERO,1,0ZERO,1,1,0,0,0,0,1,0,0,1,0,0,0,1,1,0,1,0,1,0,1,0,1,0,0,1,1,0,0,0,0,0,1,1,0,1,0,0,1,0,1,0,1,0,1,1,1,1,0
s0074_0ZERO,0,0ZERO,0,0,1,1,1,0,1,1,0,0,1,1,0,0,0,1,1,1,1,0,0,0,1,1,1,1,0,0,1,1,1,1,0,1,1,1,0,1,0,1,1,0,1,0,0,1,0,1,0
s0075_0ZERO,1,0ZERO,1,1,0,1,1,1,0,0,1,1,1,1,0,0,1,0,1,1,1,1,1,1,1,1,1,1,1,1,0,0,1,0,0,0,0,1,1,0,0,1,1,0,1,0,0,0,0,1,1
s0076_0ZERO,0,0ZERO,0,1,1,0,0,1,1,0,1,1,1,0,0,1,0,1,0,1,1,1,0,0,1,1,1,0,1,1,0,0,0,1,1,0,0,1,1,1,0,1,1,1,0,0,0,1,1,1,0
s0077_0ZERO,1,0ZERO,1,0,1,1,0,1,1,1,1,1,1,1,1,0,1,0,1,0,0,1,0,0,0,1,1,1,0,1,1,0,0,1,0,1,0,0,1,1,1,1,0,0,0,1,0,1,0,0,0
s0078_0ZERO,0,0ZERO,0,0,1,1,0,0,0,1,0,0,0,0,1,1,0,0,1,0,0,1,1,1,0,0,0,1,0,0,0,0,1,0,0,1,0,0,0,0,1,1,0,0,1,1,1,1,1,0,1
s0079_0ZERO,0,0ZERO,0,0,1,1,0,0,0,1,1,0,0,0,1,1,0,0,1,0,1,0,0,1,0,0,1,1,1,0,0,0,0,0,1,1,1,0,1,1,0,1,1,0,1,1,1,1,0,1,0
s0080_0ZERO,0,0ZERO,0,0,1,0,0,1,1,0,1,0,1,1,1,1,0,0,0,0,1,1,0,1,0,0,0,1,0,0,1,1,0,0,1,1,0,0,1,1,0,1,1,0,1,1,0,0,0,0,1
s0081_0ZERO,1,0ZERO,1,1,1,1,1,0,1,1,1,0,1,1,1,1,0,1,1,1,1,1,1,1,1,0,0,1,0,1,0,0,1,1,0,1,0,1,0,0,1,1,1,1,0,1,1,0,1,1,0
s0082_0ZERO,0,0ZERO,0,0,1,1,1,1,1,1,0,1,1,0,0,1,1,0,1,0,1,1,1,0,1,0,1,1,0,1,0,1,0,0,1,1,1,1,1,1,1,1,1,1,1,0,1,1,1,0,0
s0083_0ZERO,1,0ZERO,1,0,1,1,1,0,1,0,1,1,0,0,0,0,1,0,1,0,1,0,0,1,1,1,0,1,1,0,0,1,1,0,0,1,0,1,0,1,1,0,0,1,0,1,1,0,0,1,0
s0084_0ZERO,0,0ZERO,0,0,1,1,1,0,1,1,0,1,1,0,1,0,1,0,1,0,0,0,0,0,1,0,0,0,0,0,1,0,1,1,1,1,0,0,1,0,1,0,1,1,1,0,1,0,0,1,1
s0085_0ZERO,0,0ZERO,0,1,1,0,1,0,0,1,1,1,1,0,0,1,1,0,0,0,0,1,1,1,0,1,1,0,0,1,1,0,1,0,1,0,0,1,0,1,1,1,1,0,1,0,0,0,0,1,1
s0086_0ZERO,0,0ZERO,0,0,1,0,1,0,0,0,1,1,0,0,1,1,0,1,0,1,1,0,0,1,1,1,0,0,1,1,1,1,1,0,1,1,1,0,1,0,1,0,1,1,0,0,0,1,0,1,0
s0087_0ZERO,1,0ZERO,1,0,0,1,1,0,1,1,0,1,1,1,0,1,1,1,0,1,0,1,0,0,1,1,0,1,0,0,1,0,0,0,0,0,0,1,0,1,1,0,0,1,1,0,0,0,1,1,0
s0088_0ZERO,0,0ZERO,0,0,0,0,0,1,0,0,0,1,0,1,1,0,0,1,0,0,1,0,0,1,1,0,1,1,1,1,0,1,0,1,1,1,1,0,1,1,0,1,0,1,0,1,1,1,1,1,0
s0089_0ZERO,1,0ZERO,1,0,0,1,1,0,1,1,1,1,0,0,0,0,1,0,0,0,0,1,1,0,1,0,0,1,1,0,1,0,0,0,1,0,0,0,0,1,0,1,1,1,0,0,1,1,1,0,0
s0090_0ZERO,0,0ZERO,0,1,1,1,1,0,0,1,0,0,0,0,0,0,1,1,0,1,0,1,1,0,0,0,0,0,0,0,0,1,0,0,1,1,0,1,0,0,0,0,0,1,1,0,0,0,0,1,1
s0091_0ZERO,0,0ZERO,0,0,1,1,0,1,0,1,0,1,0,0,0,0,1,0,0,0,1,0,0,1,0,1,0,1,0,0,0,1,1,0,0,0,0,1,1,1,1,0,1,1,1,1,0,0,0,0,1
s0092_0ZERO,1,0ZERO,1,1,1,1,1,1,1,1,0,1,0,1,1,0,0,1,1,1,0,0,0,0,0,1,0,0,0,0,0,1,0,0,0,0,1,1,1,0,1,0,1,1,1,0,0,0,0,0,0
s0093_0ZERO,0,0ZERO,0,1,0,0,1,1,0,1,1,0,0,1,0,1,1,0,1,0,1,1,0,1,1,0,1,1,0,0,1,0,1,0,1,1,0,1,1,1,1,1,1,1,0,0,1,1,0,0,1
s0094_0ZERO,1,0ZERO,1,0,0,1,1,0,0,1,1,1,0,0,0,0,0,0,0,1,1,0,1,0,1,0,0,0,1,0,1,0,1,1,0,1,0,0,0,0,1,1,1,1,1,0,1,0,0,1,0
s0095_0ZERO,1,0ZERO,1,1,0,0,1,1,1,1,0,0,0,0,1,0,1,0,0,0,0,1,1,0,0,0,0,1,1,1,0,1,1,1,1,0,0,1,1,0,1,1,1,0,0,1,1,1,0,0,1
s0096_0ZERO,1,0ZERO,1,0,1,0,1,0,1,1,0,1,0,1,1,0,0,0,0,0,1,1,1,1,0,0,1,1,1,0,0,0,0,0,1,1,0,0,0,0,0,1,1,1,1,0,1,1,0,0,0
s0097_0ZERO,0,0ZERO,0,1,1,0,1,1,0,1,1,0,1,0,0,1,1,1,1,1,1,1,0,0,0,1,1,1,1,1,1,1,1,0,0,0,0,0,0,0,0,0,1,0,1,0,1,0,1,0,0
s0098_0ZERO,0,0ZERO,0,0,1,0,0,0,0,1,1,0,0,1,1,0,0,1,1,0,1,0,1,1,0,0,0,0,1,0,1,0,1,1,0,0,0,1,0,1,1,1,0,1,1,1,0,0,1,1,0
s0099_0ZERO,1,0ZERO,1,0,1,1,1,1,0,1,0,0,1,0,0,0,1,1,0,1,1,0,1,0,1,0,1,0,1,1,0,0,0,0,0,0,1,0,0,0,0,0,0,0,0,0,0,0,0,1,1
s0100_0ZERO,0,0ZERO,0,1,1,1,1,0,0,1,1,0,0,1,1,0,0,1,1,0,0,0,0,1,0,1,1,1,0,0,1,0,0,1,0,0,0,0,1,1,1,1,1,1,1,1,0,0,1,0,0
s0101_0ZERO,1,0ZERO,1,1,0,1,0,1,1,1,0,0,0,0,1,1,1,0,0,1,0,0,1,0,1,0,0,0,0,1,0,1,1,1,0,1,1,0,0,0,1,1,1,1,1,1,1,1,1,1,0
s0102_0ZERO,0,0ZERO,0,1,1,1,1,0,0,0,0,1,0,0,1,0,0,0,0,0,0,1,0,0,1,1,1,0,0,0,1,1,1,0,1,1,0,0,0,1,0,1,0,1,1,0,1,1,0,1,1
s0103_0ZERO,0,0ZERO,0,0,1,1,1,0,1,0,0,0,0,0,1,0,1,0,1,1,0,1,1,0,0,0,0,0,0,0,0,1,1,0,1,0,1,1,0,1,0,1,0,0,1,0,0,0,0,0,0
s0104_0ZERO,1,0ZERO,1,1,1,1,0,1,0,1,1,0,1,0,1,1,1,0,1,1,1,1,1,0,1,0,1,1,1,0,0,0,0,1,1,1,1,0,1,0,0,0,0,1,1,1,1,1,1,0,1
s0105_0ZERO,0,0ZERO,0,1,1,1,1,1,0,0,0,1,0,0,0,1,1,0,0,0,0,1,1,1,1,0,0,0,0,1,0,0,1,1,0,0,1,0,1,1,0,1,0,1,1,0,0,0,1,0,0
s0106_0ZERO,0,0ZERO,0,1,0,0,0,1,1,0,0,1,0,0,0,0,1,1,1,0,1,0,0,1,0,1,1,0,1,0,0,1,1,0,1,1,0,0,1,1,0,1,1,0,0,0,1,0,1,0,0
s0107_0ZERO,1,0ZERO,1,0,1,1,1,1,0,1,1,0,0,0,1,1,0,0,0,1,1,1,0,1,0,1,1,1,0,1,0,0,1,0,1,0,0,0,1,1,1,1,0,1,1,0,0,0,1,1,1
s0108_0ZERO,1,0ZERO,1,0,0,0,1,1,0,0,0,1,0,0,0,0,0,1,1,0,1,1,1,1,1,1,1,0,1,0,0,0,0,1,1,0,0,0,0,1,0,0,1,1,0,0,1,0,0,1,0
s0109_0ZERO,0,0ZERO,0,0,0,0,0,1,1,1,1,0,0,1,0,0,0,0,0,1,0,0,1,0,0,0,1,0,1,0,1,1,0,1,0,0,0,1,0,1,0,1,0,1,1,1,1,0,0,0,0
s0110_0ZERO,1,0ZERO,1,0,0,1,1,1,1,1,0,0,1,0,0,0,1,0,1,0,1,0,1,0,1,1,0,1,0,0,0,1,0,1,0,0,0,0,0,0,1,1,1,1,1,0,0,1,1,1,1
s0111_0ZERO,1,0ZERO,1,0,1,0,1,0,1,0,1,0,1,0,1,1,0,1,0,0,1,0,0,0,1,1,0,1,1,0,0,0,1,1,1,0,0,0,1,0,0,1,0,1,0,0,1,1,1,0,1
s0112_0ZERO,0,0ZERO,0,0,0,0,0,0,0,1,0,1,0,0,0,1,1,1,1,1,1,0,0,0,0,0,1,1,0,1,1,1,1,0,1,0,1,0,0,1,0,0,1,0,1,1,1,1,1,0,1
s0113_0ZERO,1,0ZERO,1,1,0,1,1,1,0,1,1,0,0,1,0,0,1,0,0,0,1,0,0,1,1,1,1,1,1,0,0,1,0,1,0,0,1,0,0,1,0,1,1,0,1,0,0,0,0,1,1
s0114_0ZERO,0,0ZERO,0,1,1,1,0,0,0,1,0,0,1,0,0,1,0,1,0,1,0,1,1,0,0,1,1,1,0,1,1,1,0,0,0,0,0,0,0,0,0,1,0,1,1,1,0,1,0,1,1
s0115_0ZERO,1,0ZERO,1,1,1,0,1,0,1,0,1,0,0,0,0,0,1,1,0,0,1,1,1,1,1,0,1,1,0,1,1,0,1,0,0,0,0,1,0,1,1,0,1,1,0,0,0,1,0,0,0
s0116_0ZERO,0,0ZERO,0,1,1,1,0,0,0,0,1,1,1,0,1,1,1,1,1,0,1,1,0,1,0,1,0,0,1,1,0,0,1,1,0,0,1,1,0,1,1,0,0,1,1,1,0,1,1,1,0
s0117_0ZERO,1,0ZERO,1,1,0,0,1,0,0,0,1,0,1,1,0,1,0,0,0,1,0,1,0,1,1,0,1,0,0,0,0,1,0,1,1,1,0,1,1,0,0,0,1,0,1,1,1,1,1,0,1
s0118_0ZERO,0,0ZERO,0,1,1,1,0,1,0,0,1,1,1,0,0,0,0,1,1,0,0,0,0,0,0,0,1,1,0,0,0,0,0,0,0,0,1,0,1,0,1,0,1,0,1,0,1,0,1,0,0
s0119_0ZERO,0,0ZERO,0,1,1,1,0,1,0,1,1,0,1,1,1,1,1,1,1,1,1,1,1,1,1,0,0,1,1,1,1,0,0,1,1,0,0,1,0,0,0,0,0,0,0,0,0,1,1,0,0
s0120_0ZERO,0,0ZERO,0,1,0,0,0,1,0,0,0,0,0,1,0,0,0,1,1,0,1,1,0,0,1,0,1,0,0,1,1,1,0,0,0,1,1,0,1,1,0,1,1,1,0,0,0,0,1,0,1
s0121_0ZERO,0,0ZERO,0,1,0,1,1,0,1,1,0,1,0,1,1,0,0,0,1,1,0,1,1,1,1,1,1,0,1,1,1,0,0,1,1,1,0,1,1,1,1,0,0,0,0,1,1,1,1,1,1
s0122_0ZERO,0,0ZERO,0,0,0,0,1,0,0,0,0,1,0,0,1,1,0,1,1,1,1,0,1,0,0,1,1,1,0,1,0,0,1,0,0,1,1,1,1,0,1,0,0,1,1,0,1,1,0,0,0
s0123_0ZERO,1,0ZERO,1,1,1,0,1,0,1,0,0,0,0,1,0,1,0,1,1,1,1,0,0,1,1,1,0,1,0,0,0,0,0,0,1,0,1,1,1,0,0,1,0,0,0,0,0,1,0,0,1
s0124_0ZERO,0,0ZERO,0,1,1,1,0,1,0,1,1,0,0,1,0,1,0,0,1,1,1,1,0,0,0,0,0,0,1,0,1,0,1,0,1,1,0,0,1,0,0,0,0,1,1,0,0,0,0,0,0
s0125_0ZERO,0,0ZERO,0,0,1,0,1,1,0,0,0,1,0,1,0,1,0,0,0,0,1,0,0,1,0,1,1,1,0,1,1,0,0,0,1,0,1,1,0,0,1,1,0,1,0,0,0,1,0,0,1
s0126_0ZERO,1,0ZERO,1,1,0,1,1,0,0,0,0,1,1,1,0,0,1,1,0,0,1,0,1,0,1,0,0,1,0,1,0,1,0,0,1,1,0,0,1,1,1,0,1,1,1,1,0,1,1,1,0
s0127_0ZERO,0,0ZERO,0,1,0,1,1,1,0,0,0,1,1,1,1,0,1,0,0,1,1,0,0,0,0,0,0,0,0,1,1,0,1,1,0,0,1,1,0,0,0,1,0,0,0,1,1,1,0,0,1
s0128_0ZERO,0,0ZERO,0,0,1,0,1,1,0,0,0,0,1,1,0,1,1,0,1,1,0,1,0,0,0,1,1,1,0,1,0,1,1,1,1,0,0,0,0,0,0,1,0,1,0,1,1,0,1,1,0
s0129_0ZERO,1,0ZERO,1,0,1,1,1,0,0,0,0,0,0,0,0,0,1,0,0,1,1,0,0,1,0,0,0,1,1,1,1,0,0,0,1,0,0,1,1,0,0,0,0,0,0,1,1,1,1,1,1
s0130_0ZERO,0,0ZERO,0,0,0,0,1,1,1,1,0,1,1,0,0,1,1,0,1,0,1,0,0,0,0,1,1,1,0,0,0,0,0,0,1,1,1,0,0,0,1,0,1,1,1,1,0,1,1,0,0
s0131_0ZERO,0,0ZERO,0,1,0,1,0,0,1,1,0,1,1,0,0,0,1,1,1,1,1,0,1,1,0,0,0,1,0,1,0,1,0,0,0,0,1,1,0,0,1,0,0,1,0,0,0,1,0,0,0
s0132_0ZERO,1,0ZERO,1,0,0,1,1,0,0,0,0,1,1,0,0,0,0,1,0,1,1,0,0,1,1,0,1,0,1,1,0,1,1,1,1,1,0,1,1,0,0,1,1,1,1,0,0,1,1,1,0
s0133_0ZERO,0,0ZERO,0,0,0,1,0,1,0,1,0,0,1,0,0,1,1,0,0,1,1,0,0,0,1,0,1,0,0,0,0,0,0,0,1,0,1,1,1,0,1,0,1,0,1,0,1,0,1,0,0
s0134_0ZERO,1,0ZERO,1,1,1,0,0,1,0,1,0,1,0,0,1,1,0,1,0,1,0,1,1,0,0,1,1,1,0,0,1,1,1,1,1,0,1,0,1,1,0,1,1,1,0,1,0,1,0,0,1
s0135_0ZERO,0,0ZERO,0,1,1,0,1,0,0,1,0,1,1,0,1,0,1,1,1,1,1,0,0,1,0,1,0,1,0,0,1,0,0,1,0,1,0,1,0,1,0,0,0,0,1,0,0,0,1,0,1
s0136_0ZERO,1,0ZERO,1,0,1,1,0,0,0,0,0,1,1,0,1,0,0,1,0,0,1,1,1,1,1,0,0,0,1,1,0,0,0,0,0,1,0,1,1,0,0,0,0,0,1,1,0,1,0,1,0
s0137_0ZERO,1,0ZERO,1,0,1,0,1,0,1,0,0,1,0,1,0,0,0,0,0,0,0,0,1,0,0,1,0,0,1,0,0,0,1,0,1,0,0,0,0,1,1,1,1,0,0,1,1,1,1,1,0
s0138_0ZERO,1,0ZERO,1,0,0,1,1,0,0,1,0,0,0,0,1,0,1,0,0,0,1,1,0,1,1,0,0,1,1,1,1,0,0,0,1,1,1,0,0,0,0,1,0,0,1,0,0,0,0,0,1
s0139_0ZERO,0,0ZERO,0,0,1,0,1,0,0,1,1,1,1,0,1,1,1,0,1,0,1,0,1,0,1,1,0,0,0,1,0,1,0,0,0,1,1,0,1,1,0,1,1,1,0,0,1,1,0,1,0
s0140_0ZERO,1,0ZERO,1,1,0,1,0,0,0,0,1,1,0,1,1,1,1,1,1,0,1,0,1,1,1,1,1,0,0,1,1,1,0,0,1,1,1,1,0,0,0,0,1,1,1,1,0,0,0,1,0
s0141_0ZERO,1,0ZERO,1,0,0,1,1,0,1,0,0,0,0,1,1,1,1,0,1,1,1,0,0,0,1,0,1,0,1,1,0,1,1,0,0,0,0,1,1,0,0,0,1,1,0,1,1,0,1,0,0
s0142_0ZERO,1,0ZERO,1,0,0,1,0,0,0,0,1,1,1,1,0,0,0,1,1,0,1,1,0,0,0,1,0,0,0,1,1,0,0,1,0,0,0,0,1,1,0,0,1,0,0,1,1,0,0,1,0
s0143_0ZERO,0,0ZERO,0,0,0,1,0,0,1,0,1,1,1,1,0,1,1,1,0,0,0,1,1,1,1,0,1,1,0,1,1,0,0,0,1,1,1,1,1,0,1,1,1,1,0,0,0,0,1,1,0
s0144_0ZERO,1,0ZERO,1,1,0,0,0,1,1,1,0,1,0,1,0,0,1,1,0,0,1,1,1,0,1,0,0,0,1,0,1,1,1,1,1,1,0,1,0,0,1,0,1,1,0,1,1,0,1,1,0
s0145_0ZERO,1,0ZERO,1,1,0,1,1,1,1,0,1,1,1,0,0,1,1,1,1,0,1,1,1,1,0,0,1,1,1,0,1,0,1,0,1,0,0,1,1,0,1,1,0,0,0,1,0,1,0,1,1
s0146_0ZERO,1,0ZERO,1,1,1,1,0,0,1,0,1,0,1,0,0,1,1,1,1,1,1,1,1,0,1,1,1,1,0,1,0,1,0,0,1,1,0,1,1,1,1,1,1,0,0,1,0,1,0,0,0
s0147_0ZERO,0,0ZERO,0,0,1,0,0,1,1,1,0,1,1,1,0,1,1,1,1,0,0,1,1,1,1,1,1,0,0,0,0,1,1,0,1,1,1,0,0,1,1,1,0,1,1,0,1,1,1,1,0
s0148_0ZERO,1,0ZERO,1,0,0,0,1,0,1,0,1,1,1,0,0,1,1,1,1,1,1,0,1,0,0,1,0,0,1,0,1,0,1,1,0,1,1,1,0,0,1,1,0,0,1,1,0,1,1,0,0
s0149_0ZERO,1,0ZERO,1,1,0,1,0,0,0,0,0,1,0,0,1,0,1,1,0,0,0,0,1,0,0,0,0,0,0,0,1,1,0,1,0,0,1,1,0,1,0,1,1,0,1,0,0,1,0,1,0
s0150_0ZERO,0,0ZERO,0,0,1,0,0,1,1,0,1,0,0,0,0,1,1,1,0,0,0,1,1,0,0,1,0,0,1,0,1,0,1,1,1,1,0,0,1,0,1,0,0,0,1,0,0,0,0,1,0
s0151_0ZERO,1,0ZERO,1,0,1,1,0,0,0,1,0,1,0,0,0,1,1,0,1,1,0,1,1,1,1,1,0,1,0,0,0,1,1,0,1,0,1,0,0,1,0,0,0,0,0,0,1,0,1,1,1
s0152_0ZERO,1,0ZERO,1,1,0,1,0,0,1,0,0,0,1,0,1,0,0,0,1,0,0,1,1,0,1,1,0,0,0,0,1,1,1,1,0,1,1,1,0,0,0,0,0,1,1,0,0,0,1,0,1
s0153_0ZERO,0,0ZERO,0,0,0,0,1,0,1,0,1,0,0,1,1,0,0,0,0,0,1,0,0,0,1,1,1,0,0,1,1,0,1,1,0,1,1,1,0,0,1,0,0,0,1,0,0,0,1,1,1
s0154_0ZERO,0,0ZERO,0,1,0,1,1,0,1,1,0,0,0,0,1,0,0,0,1,0,0,1,0,1,0,1,0,1,0,0,1,0,1,0,0,0,0,0,1,1,1,1,1,1,1,0,1,1,0,0,1
s0155_0ZERO,0,0ZERO,0,0,0,1,1,1,0,1,0,1,0,1,0,1,0,0,0,0,1,0,1,1,0,1,0,1,0,0,0,1,0,0,0,1,1,0,0,0,1,1,1,1,0,1,1,1,1,1,0
s0156_0ZERO,1,0ZERO,1,0,0,1,1,0,1,0,0,0,1,1,0,0,1,0,1,1,1,0,1,0,0,1,0,1,0,0,1,1,0,0,0,1,1,1,1,0,1,1,1,1,1,1,1,0,0,1,0
s0157_0ZERO,1,0ZERO,1,1,1,1,1,0,0,0,1,0,0,0,0,0,1,1,1,0,0,0,1,0,0,0,1,1,0,1,1,1,1,1,0,1,1,1,0,0,0,0,0,0,0,0,1,0,1,1,1
s0158_0ZERO,1,0ZERO,1,0,0,1,1,0,0,1,1,1,0,1,0,1,1,1,1,1,1,0,0,1,0,0,1,1,1,1,0,1,0,0,0,0,1,0,1,0,0,0,0,0,1,0,1,1,1,0,0
s0159_0ZERO,1,0ZERO,1,1,1,0,1,1,1,0,1,1,1,0,0,1,1,1,0,1,1,1,0,0,0,1,0,1,0,0,0,0,1,1,1,1,0,1,1,1,0,1,0,0,0,1,0,1,1,0,1
s0160_0ZERO,1,0ZERO,1,0,0,1,0,0,1,1,1,1,1,0,1,0,1,0,1,0,1,0,0,1,0,0,1,0,0,0,0,1,1,0,1,0,1,1,0,1,1,0,0,1,1,1,1,0,0,1,1
s0161_0ZERO,1,0ZERO,1,1,1,1,1,0,0,0,1,0,0,0,1,0,0,0,0,0,0,1,1,1,1,0,1,1,0,0,1,0,1,0,1,1,0,0,0,1,0,1,1,0,0,1,1,1,0,1,0
s0162_0ZERO,0,0ZERO,0,1,1,1,0,1,0,1,0,1,0,0,0,0,0,0,1,0,0,1,1,0,1,0,0,1,1,0,0,0,0,0,0,1,1,0,0,0,0,1,0,0,1,0,1,0,0,1,1
s0163_0ZERO,0,0ZERO,0,1,0,0,0,1,0,1,1,0,1,1,0,0,1,1,0,1,1,0,0,1,0,1,1,1,1,0,1,0,0,1,1,1,1,0,0,0,0,0,0,1,1,1,1,0,0,1,0
s0164_0ZERO,0,0ZERO,0,0,1,1,1,0,0,1,0,0,0,0,1,0,0,1,0,1,1,1,1,1,1,0,0,0,1,1,1,0,0,1,1,0,1,1,0,0,1,0,1,1,1,0,0,1,0,0,0
s0165_0ZERO,0,0ZERO,0,1,0,1,0,0,1,1,0,0,0,1,0,0,0,1,1,1,1,0,0,0,0,0,1,0,1,1,0,0,1,1,0,0,0,1,1,1,1,0,1,1,1,0,1,0,1,1,0
s0166_0ZERO,1,0ZERO,1,0,0,1,1,0,1,1,1,1,0,1,0,0,1,1,0,1,1,0,0,1,1,0,1,0,1,1,0,0,1,1,1,0,0,1,0,0,0,1,1,1,0,0,1,1,0,0,1
s0167_0ZERO,1,0ZERO,1,1,1,0,1,1,0,1,1,0,1,1,1,1,1,1,1,0,1,0,1,1,1,0,1,1,1,0,1,1,1,0,0,0,1,1,1,1,1,1,0,0,0,1,1,1,0,1,0
s0168_0ZERO,1,0ZERO,1,1,0,0,1,1,1,0,0,1,0,1,1,0,1,0,0,0,0,0,0,1,1,1,1,1,0,0,0,1,0,1,1,1,1,1,1,0,1,1,1,1,1,0,1,1,1,0,0
s0169_0ZERO,1,0ZERO,1,0,0,0,1,0,1,0,0,0,1,0,1,1,0,0,0,1,1,0,0,0,1,1,1,1,0,0,1,1,1,0,1,1,1,0,1,1,0,0,0,1,0,1,0,0,0,1,0
s0170_0ZERO,0,0ZERO,0,1,0,0,0,1,0,1,1,1,1,1,0,0,0,0,1,0,1,1,0,1,0,0,0,1,1,0,0,1,0,0,0,0,0,1,0,1,0,0,0,0,0,1,0,1,0,0,1
s0171_0ZERO,1,0ZERO,1,1,0,1,0,0,1,1,0,1,0,1,0,1,1,1,0,0,1,1,1,1,1,1,0,1,1,1,0,0,0,0,0,1,1,0,0,1,1,0,0,0,1,0,1,0,0,0,0
s0172_0ZERO,0,0ZERO,0,0,1,1,0,0,0,0,0,1,0,1,0,0,0,0,1,0,1,0,0,1,1,1,0,0,1,1,1,0,0,1,1,0,1,1,1,1,1,0,0,0,1,1,1,1,0,1,0
s0173_0ZERO,0,0ZERO,0,1,1,0,1,0,1,1,1,1,0,0,1,1,1,1,1,0,1,1,1,1,1,0,1,1,1,0,1,1,1,0,0,0,1,1,0,0,1,1,0,0,1,0,1,0,1,1,1
s0174_0ZERO,1,0ZERO,1,1,0,1,0,1,1,0,1,0,0,0,0,0,1,0,1,1,1,1,1,1,0,1,0,0,0,1,0,1,0,0,1,0,1,0,1,0,0,0,1,0,1,0,1,1,0,0,0
s0175_0ZERO,0,0ZERO,0,0,0,1,0,0,1,1,0,1,0,1,1,1,1,1,0,0,1,1,1,0,0,1,0,1,0,0,1,1,0,1,0,1,0,0,0,1,0,1,1,0,1,0,1,1,0,0,1
s0176_0ZERO,0,0ZERO,0,0,1,0,0,0,1,1,1,1,0,0,1,0,1,0,1,0,0,0,1,1,0,0,1,1,1,1,1,0,0,0,1,1,0,0,1,1,0,0,0,1,0,1,1,1,1,0,1
s0177_0ZERO,0,0ZERO,0,0,0,1,1,0,0,1,0,0,0,1,1,1,1,0,1,0,1,0,1,0,0,1,1,1,1,0,0,0,0,1,1,0,1,1,0,1,1,0,1,0,1,1,1,0,1,1,1
s0178_0ZERO,1,0ZERO,1,0,0,0,1,0,0,1,1,1,1,1,1,1,1,0,0,0,0,0,1,1,1,1,1,0,1,0,1,0,1,0,1,0,1,1,1,0,0,1,1,1,0,0,1,1,0,1,1
s0179_0ZERO,1,0ZERO,1,0,0,1,1,1,0,1,1,0,0,0,0,1,1,1,1,1,0,1,0,1,0,0,1,0,1,0,0,1,0,1,1,0,1,1,1,1,1,0,0,0,0,0,0,1,1,0,0
s0180_0ZERO,0,0ZERO,0,0,1,1,1,1,1,0,0,0,0,0,1,0,0,0,0,0,0,0,0,1,0,1,1,0,0,0,0,0,1,0,1,0,0,0,1,0,0,0,1,0,0,0,0,0,1,1,0
s0181_0ZERO,0,0ZERO,0,0,1,1,1,1,0,0,1,0,1,0,0,1,1,1,0,1,1,0,0,1,1,1,1,0,0,1,1,1,1,0,1,1,0,0,0,0,0,1,1,1,1,1,1,0,0,1,0
s0182_0ZERO,0,0ZERO,0,1,1,0,0,1,1,1,1,0,1,0,0,0,1,0,1,0,0,0,1,0,0,0,0,0,1,1,1,0,0,1,1,0,0,1,1,1,1,1,1,0,0,0,1,1,0,1,1
s0183_0ZERO,1,0ZERO,1,1,0,0,0,0,0,1,1,0,0,1,0,1,1,1,1,0,0,0,0,1,1,0,0,0,0,0,0,1,0,0,0,1,1,1,0,0,1,0,0,1,1,0,1,0,1,0,0
s0184_0ZERO,1,0ZERO,1,1,0,0,1,1,1,0,0,1,1,0,0,1,1,0,1,0,1,0,0,0,1,0,1,1,1,1,0,1,0,0,1,0,1,1,1,1,0,1,0,1,0,1,1,0,1,0,1
s0185_0ZERO,0,0ZERO,0,1,0,1,0,0,1,0,1,0,1,0,1,1,1,0,1,0,1,0,0,1,0,0,0,0,0,0,0,0,0,0,0,1,1,0,0,0,0,0,1,1,1,0,0,1,0,1,1
s0186_0ZERO,1,0ZERO,1,1,1,1,1,1,0,1,0,0,0,0,1,1,1,1,0,1,1,0,1,0,1,0,1,0,1,0,0,1,0,0,0,0,0,1,0,1,0,0,1,1,0,0,1,0,1,0,1
s0187_0ZERO,0,0ZERO,0,1,1,1,0,1,1,1,0,1,0,0,0,1,1,0,0,0,0,1,1,0,1,1,0,1,0,0,0,1,0,0,0,1,1,1,0,1,1,0,0,0,0,1,1,0,1,0,1
s0188_0ZERO,1,0ZERO,1,0,1,1,0,1,0,0,1,0,0,0,1,1,0,1,0,1,1,0,0,0,0,1,1,0,0,0,1,1,1,0,0,0,1,1,0,1,0,1,0,1,0,0,1,1,1,0,1
s0189_0ZERO,0,0ZERO,0,1,1,1,0,0,0,0,1,0,0,1,0,0,1,1,1,1,0,0,0,1,1,0,1,1,1,0,1,0,1,0,1,1,0,0,0,1,1,0,0,1,0,1,0,1,1,1,0
s0190_0ZERO,0,0ZERO,0,1,1,0,0,0,0,0,1,1,1,1,1,0,1,0,0,0,1,1,1,0,0,0,1,0,0,1,1,1,0,1,1,1,1,1,1,0,1,1,0,0,1,1,0,0,0,0,1
s0191_0ZERO,0,0ZERO,0,1,0,0,0,1,1,1,0,0,0,1,1,0,0,0,1,0,1,0,1,0,0,1,1,1,1,0,0,0,0,1,0,1,0,0,1,0,1,0,0,0,0,1,0,1,0,0,0
s0192_0ZERO,1,0ZERO,1,0,1,1,0,0,0,0,1,1,1,0,1,1,0,1,0,0,1,0,1,1,0,0,0,1,0,1,1,1,1,0,1,0,1,0,0,1,0,0,1,1,1,0,1,0,1,0,1
s0193_0ZERO,1,0ZERO,1,0,0,0,1,0,0,0,0,1,0,1,0,1,0,1,0,0,0,0,0,1,1,0,0,0,1,0,1,1,0,0,1,1,0,1,0,0,1,1,1,0,1,1,0,0,1,0,0
s0194_0ZERO,1,0ZERO,1,0,0,0,0,0,0,1,1,1,1,1,0,1,0,0,0,1,1,1,1,1,1,1,0,0,0,0,0,0,0,1,1,0,0,0,0,0,1,1,0,1,1,0,1,1,0,1,1
s0195_0ZERO,0,0ZERO,0,1,1,1,1,1,1,1,0,1,1,1,0,1,0,0,0,0,0,0,1,0,0,0,1,0,1,1,1,1,1,0,0,0,1,0,1,1,0,1,0,1,1,0,1,0,0,0,1
s0196_0ZERO,1,0ZERO,1,1,0,1,1,0,0,0,0,1,0,0,1,1,1,0,1,1,1,1,0,1,0,1,0,1,0,0,0,1,0,0,1,0,0,0,0,1,1,1,1,0,1,1,1,0,1,0,1
s0197_0ZERO,1,0ZERO,1,1,0,0,0,0,1,0,1,0,1,0,0,0,0,0,1,0,0,0,1,1,0,0,1,0,0,1,0,0,0,0,0,1,0,0,0,0,0,1,0,1,1,0,1,1,1,1,1
s0198_0ZERO,1,0ZERO,1,1,0,0,1,0,0,0,1,0,0,1,0,0,0,0,1,0,0,0,1,0,1,0,0,0,1,1,1,0,1,0,1,0,0,0,0,1,0,0,1,0,1,1,1,0,0,1,1
s0199_0ZERO,0,0ZERO,0,0,1,1,0,1,0,0,1,1,0,0,1,0,1,1,0,1,0,0,1,0,0,1,1,0,1,0,0,0,1,0,1,0,0,0,0,1,1,0,1,0,0,0,1,1,1,1,1
s0200_0ZERO,0,0ZERO,0,0,1,1,1,1,1,1,0,0,1,0,0,0,0,0,1,0,1,1,0,1,1,1,1,1,0,1,1,1,0,0,0,0,0,0,1,0,1,1,0,1,1,1,1,0,1,1,1
s0201_0ZERO,1,0ZERO,1,0,0,0,1,1,1,0,1,1,1,1,0,1,1,1,1,0,0,1,1,1,0,1,1,0,1,1,1,1,1,1,0,0,0,0,1,0,0,1,0,0,1,1,0,0,1,1,0
s0202_0ZERO,1,0ZERO,1,0,1,0,1,0,0,0,0,0,1,1,1,0,1,1,1,0,1,0,0,0,1,1,1,0,1,1,0,0,0,0,1,0,1,1,0,0,0,0,0,0,1,0,1,0,1,1,0
s0203_0ZERO,0,0ZERO,0,1,1,1,0,1,0,0,1,1,0,0,0,0,1,0,0,0,1,0,0,1,1,1,1,1,1,0,1,1,0,1,0,0,1,1,0,1,0,1,1,1,1,0,1,0,1,0,0
s0204_0ZERO,1,0ZERO,1,0,1,1,0,1,1,1,0,1,0,1,1,0,1,0,1,1,0,1,0,1,1,0,1,1,1,1,1,1,1,1,1,1,1,0,1,1,1,0,1,0,0,0,1,0,0,0,0
s0205_0ZERO,1,0ZERO,1,0,0,0,1,0,1,0,0,0,0,1,0,1,1,0,0,1,0,1,0,0,1,0,0,0,1,1,0,1,0,1,0,0,0,1,0,1,0,1,1,1,0,1,1,1,0,0,0
s0206_0ZERO,1,0ZERO,1,0,1,0,1,0,0,1,1,0,1,0,0,0,1,0,1,0,1,1,0,1,0,0,0,1,1,0,0,0,0,0,1,0,0,0,0,1,1,1,1,1,1,1,1,0,1,1,0
s0207_0ZERO,1,0ZERO,1,1,1,1,1,1,1,1,0,0,1,0,0,0,0,1,1,1,1,0,1,0,1,1,0,1,1,1,1,0,1,0,1,1,1,0,1,0,0,0,0,0,0,1,0,0,0,1,1
s0208_0ZERO,0,0ZERO,0,1,0,0,1,1,1,0,0,1,0,0,1,1,0,0,0,1,1,1,1,1,1,0,0,0,1,1,0,0,1,1,0,0,0,0,0,1,1,1,0,1,1,0,1,1,1,0,1
s0209_0ZERO,1,0ZERO,1,1,1,1,0,1,0,0,0,1,1,0,0,0,0,0,1,1,0,1,0,0,0,1,0,1,1,0,1,1,1,1,1,1,0,1,0,0,0,0,0,1,1,0,1,0,0,0,0
s0210_0ZERO,0,0ZERO,0,0,0,1,1,1,1,0,1,0,1,1,0,1,1,0,0,0,0,0,0,0,0,0,0,1,0,1,0,0,0,1,0,1,0,1,1,0,0,1,0,0,1,1,1,1,0,1,1
s0211_0ZERO,1,0ZERO,1,0,0,0,1,1,0,1,0,1,0,1,0,1,0,1,1,1,0,0,0,0,1,0,0,0,0,1,1,1,1,1,0,0,1,1,1,0,1,0,1,1,0,0,1,0,1,0,1
s0212_0ZERO,1,0ZERO,1,0,1,1,0,1,1,0,0,0,0,0,0,0,0,1,0,1,0,0,0,1,0,1,0,1,0,0,0,0,0,1,1,1,0,0,0,0,0,1,1,0,0,0,0,1,1,1,0
s0213_0ZERO,1,0ZERO,1,1,0,0,0,1,1,0,0,0,0,1,0,0,1,1,1,1,1,1,1,0,1,1,0,1,1,0,1,0,1,0,0,0,0,1,0,1,0,0,1,1,1,0,1,0,0,0,1
s0214_0ZERO,1,0ZERO,1,1,1,0,1,1,0,1,1,0,0,1,0,1,0,0,1,0,0,0,1,1,0,1,1,0,0,0,0,1,0,1,1,1,0,1,0,1,0,1,0,0,1,0,0,1,0,0,1
s0215_0ZERO,1,0ZERO,1,0,1,0,1,0,0,1,1,0,1,1,1,0,0,0,1,0,1,0,1,1,0,0,1,1,0,0,1,1,1,0,0,1,0,1,0,1,1,1,0,0,0,0,1,1,0,1,0
s0216_0ZERO,1,0ZERO,1,1,1,1,1,0,1,1,1,0,1,1,0,1,0,1,0,0,1,0,0,1,1,1,1,0,0,0,1,1,1,0,0,1,0,1,0,1,1,0,0,0,1,0,1,1,0,0,1
s0217_0ZERO,0,0ZERO,0,0,1,0,0,1,0,0,0,0,0,1,0,1,0,1,1,0,0,1,0,0,1,1,0,1,1,1,0,1,1,0,0,0,1,1,0,0,0,1,0,1,1,1,0,0,1,0,0
s0218_0ZERO,1,0ZERO,1,1,0,1,1,1,1,1,1,1,0,0,1,1,0,0,1,1,0,1,0,1,1,0,1,1,1,1,0,0,0,1,1,0,1,0,0,1,1,0,1,0,1,1,1,0,1,1,1
s0219_0ZERO,1,0ZERO,1,1,0,1,1,0,0,0,0,1,1,0,1,0,0,1,0,0,0,1,1,0,1,0,1,0,0,0,1,1,1,1,0,1,1,1,0,1,0,1,1,0,0,1,0,1,1,0,1
s0220_0ZERO,1,0ZERO,1,1,0,1,1,1,1,0,0,1,1,1,0,0,1,1,1,0,1,1,1,1,0,0,0,0,1,1,0,0,0,0,1,1,1,0,0,1,0,1,1,1,1,0,1,1,1,0,1
s0221_0ZERO,0,0ZERO,0,0,1,1,1,0,1,0,0,1,0,0,1,1,1,0,1,1,0,1,1,0,0,0,0,0,0,0,0,0,1,1,0,1,0,1,0,1,0,1,0,1,1,0,0,0,1,0,1
s0222_0ZERO,1,0ZERO,1,1,1,0,1,1,0,1,1,0,0,1,1,1,1,0,1,0,0,1,1,0,0,1,0,0,1,1,1,1,0,0,1,1,1,1,1,1,1,1,1,0,0,0,0,0,0,0,1
s0223_0ZERO,1,0ZERO,1,0,1,0,1,1,0,0,0,0,1,1,1,1,0,1,1,1,1,0,0,0,1,0,1,1,0,1,1,0,1,1,0,1,0,1,0,0,0,1,1,1,1,0,0,0,1,0,0
s0224_0ZERO,0,0ZERO,0,1,0,1,0,1,1,1,0,1,1,0,1,1,0,0,1,1,0,0,0,0,1,0,1,1,1,0,0,0,0,0,0,1,1,1,0,1,0,0,1,0,0,1,1,1,0,0,0
s0225_0ZERO,0,0ZERO,0,1,1,0,0,0,0,1,0,1,0,1,1,1,0,0,1,1,1,0,0,0,0,0,1,1,1,0,0,1,0,1,0,1,1,1,1,1,1,1,1,0,1,0,0,0,1,0,0
s0226_0ZERO,1,0ZERO,1,0,1,0,0,1,1,0,0,1,1,0,0,1,0,1,0,1,0,0,0,0,0,0,0,0,0,1,1,0,0,1,1,0,0,1,1,1,0,1,1,0,1,0,1,1,1,0,0
s0227_0ZERO,1,0ZERO,1,0,1,0,1,1,1,1,0,1,1,0,0,1,0,1,1,0,1,1,1,1,1,0,0,1,1,0,0,0,0,1,0,1,0,0,0,0,0,1,1,0,1,1,1,1,1,1,1
s0228_0ZERO,1,0ZERO,1,1,0,0,0,0,0,1,0,0,1,1,0,0,1,1,0,0,0,0,0,0,0,1,1,0,0,1,0,1,0,1,1,0,1,0,0,0,1,0,1,0,1,1,1,1,1,0,0
s0229_0ZERO,0,0ZERO,0,1,1,1,1,1,1,0,0,1,1,0,1,1,0,1,1,1,1,1,0,1,1,0,0,0,0,0,0,0,0,0,1,0,0,0,0,0,0,0,0,1,0,1,1,1,0,0,0
s0230_0ZERO,0,0ZERO,0,0,0,0,0,0,0,1,1,0,1,0,0,0,0,0,1,0,0,1,0,1,1,0,1,0,1,1,0,0,1,1,0,0,1,1,0,1,0,1,1,0,0,1,0,1,1,0,1
s0231_0ZERO,0,0ZERO,0,0,0,0,0,1,1,0,1,0,1,1,1,1,1,1,1,0,0,1,0,0,0,1,0,1,0,0,1,1,1,1,0,1,0,0,0,0,1,1,1,0,1,0,0,0,1,1,0
s0232_0ZERO,1,0ZERO,1,1,0,1,1,1,0,1,1,1,1,0,1,0,0,0,1,1,0,1,1,1,1,0,0,1,1,0,1,0,0,1,1,1,1,0,0,1,1,1,1,1,0,0,0,1,1,0,0
s0233_0ZERO,0,0ZERO,0,0,1,0,1,0,1,0,0,1,1,0,0,1,1,0,1,0,1,1,0,0,0,0,1,0,1,1,1,0,0,1,0,0,1,1,1,1,0,1,0,1,1,1,0,0,1,0,1
s0234_0ZERO,1,0ZERO,1,1,0,1,1,1,1,1,0,0,1,0,0,0,1,1,1,0,0,1,0,1,0,1,0,0,0,0,0,1,0,0,0,0,0,0,1,1,1,0,0,1,0,1,1,1,1,0,1
s0235_0ZERO,0,0ZERO,0,0,1,0,0,0,0,1,1,0,1,1,0,0,1,0,1,0,1,0,0,1,1,1,1,1,1,1,1,1,1,0,1,1,0,0,1,0,0,0,1,0,1,1,1,0,1,0,1
s0236_0ZERO,0,0ZERO,0,1,1,1,1,1,1,0,1,0,0,1,1,1,0,1,1,1,1,1,0,0,0,0,0,1,1,0,0,0,1,0,1,0,0,0,1,0,0,0,0,1,1,1,1,0,1,1,0
s0237_0ZERO,1,0ZERO,1,0,0,0,1,0,1,1,0,1,0,0,1,1,1,0,0,0,1,0,1,0,1,0,0,1,0,1,0,0,0,1,0,0,0,0,0,0,0,0,1,1,0,1,0,1,1,1,0
s0238_0ZERO,0,0ZERO,0,0,1,1,1,1,1,0,0,0,1,1,1,0,1,1,0,1,1,1,0,1,0,1,1,0,1,0,0,1,0,1,1,0,0,1,0,0,0,0,1,0,1,1,0,1,0,1,1
s0239_0ZERO,1,0ZERO,1,0,1,1,0,0,1,1,1,0,0,1,1,1,1,0,0,1,1,1,1,0,1,0,1,1,0,0,0,0,0,1,1,0,1,1,0,0,1,1,1,1,0,0,1,0,0,0,0
s0240_0ZERO,1,0ZERO,1,1,0,0,0,0,1,1,0,0,0,0,1,0,1,1,1,1,0,0,0,1,1,1,1,1,1,1,1,1,0,1,0,1,0,1,1,1,0,1,1,1,0,1,1,0,1,0,1
s0241_0ZERO,0,0ZERO,0,1,0,0,1,0,0,1,0,0,1,0,1,0,1,0,1,0,0,0,0,1,1,0,1,1,0,0,1,0,0,1,1,0,0,1,1,1,0,0,0,0,0,1,1,0,0,1,0
s0242_0ZERO,1,0ZERO,1,0,0,0,0,0,0,0,0,1,0,1,1,0,0,1,0,0,1,1,0,0,0,1,1,0,1,0,1,1,1,1,0,1,0,0,1,0,1,0,1,0,1,0,0,0,0,1,0
s0243_0ZERO,0,0ZERO,0,1,1,0,1,0,1,1,0,1,0,1,0,1,0,1,0,1,1,0,0,1,1,1,1,0,1,1,1,0,1,0,0,0,1,1,0,1,0,0,1,1,1,0,1,1,1,1,0
s0244_0ZERO,1,0ZERO,1,0,1,0,0,0,0,0,1,0,1,0,1,1,1,0,0,0,0,1,0,1,1,0,1,1,0,0,0,0,0,0,1,1,0,1,0,0,1,0,1,0,1,1,1,1,1,0,0
s0245_0ZERO,0,0ZERO,0,0,0,0,0,1,0,0,0,1,1,0,0,0,1,0,0,1,1,1,1,0,1,1,0,0,0,1,0,0,0,0,1,0,0,0,1,1,0,0,1,1,1,1,1,1,1,1,1
s0246_0ZERO,0,0ZERO,0,1,0,1,0,1,1,0,0,1,1,1,1,0,0,1,0,0,1,0,1,1,0,0,0,0,1,0,0,0,1,0,0,1,0,0,1,1,1,1,1,1,1,0,1,0,0,1,0
s0247_0ZERO,1,0ZERO,1,1,1,1,1,1,0,1,0,0,0,0,0,1,0,1,0,1,1,1,1,0,0,1,1,1,1,1,0,1,1,1,0,1,0,1,1,1,1,0,1,0,1,1,1,1,0,0,0
s0248_0ZERO,0,0ZERO,0,1,1,1,1,1,1,1,0,0,1,0,0,1,0,0,1,1,0,0,1,1,0,0,0,0,0,1,1,0,0,0,1,0,1,1,0,0,0,0,1,1,1,0,1,1,0,1,1
s0249_0ZERO,0,0ZERO,0,0,0,0,1,1,1,1,0,0,1,0,1,0,1,1,1,0,0,0,1,0,0,1,1,1,0,0,0,0,0,0,1,0,0,0,0,1,0,0,0,1,1,0,0,1,0,0,1
s0250_0ZERO,1,0ZERO,1,0,0,1,1,0,1,0,0,0,0,1,1,0,0,0,1,0,0,1,1,0,0,1,1,0,0,0,0,1,0,0,1,0,0,1,0,0,1,1,0,1,1,0,1,1,1,0,0
s0251_1ONE,0,1ONE,1,1,0,1,0,1,0,1,0,0,0,0,0,0,0,1,0,1,0,1,0,1,0,0,1,1,1,0,1,0,0,0,1,1,1,0,1,0,0,0,0,1,1,0,0,0,0,1,0
s0252_1ONE,1,1ONE,0,0,1,1,0,0,0,0,1,0,0,0,1,0,1,0,0,0,0,0,1,0,0,1,1,0,1,1,1,1,1,1,1,0,0,0,1,0,0,0,1,1,1,1,0,1,0,1,1
s0253_1ONE,0,1ONE,1,1,0,1,1,1,0,0,1,1,0,1,0,0,0,1,1,1,0,0,1,1,1,1,0,0,1,1,1,0,0,0,1,0,1,1,0,0,0,0,0,1,0,1,0,0,1,0,1
s0254_1ONE,1,1ONE,0,0,1,1,1,1,0,0,1,1,1,1,0,0,1,0,1,1,1,0,1,1,0,0,0,1,0,1,0,1,0,0,0,0,0,0,0,1,1,1,1,1,0,1,0,0,0,0,1
s0255_1ONE,0,1ONE,1,0,1,0,0,1,0,0,0,0,1,0,1,0,1,1,1,1,1,0,0,1,0,1,1,1,1,1,0,0,1,0,1,0,1,0,0,0,1,0,1,1,1,1,1,0,1,1,0
s0256_1ONE,0,1ONE,1,0,1,1,1,0,1,0,0,0,0,1,1,1,1,1,0,1,0,0,1,1,1,1,1,0,1,0,1,1,1,1,1,1,1,0,0,1,0,1,1,1,1,1,1,0,1,1,1
s0257_1ONE,0,1ONE,1,0,0,1,0,0,1,0,0,1,0,1,0,1,0,1,1,1,1,1,1,1,1,0,0,0,1,0,0,0,0,0,0,1,1,0,1,0,0,0,1,1,1,1,1,0,1,1,0
s0258_1ONE,1,1ONE,0,1,0,0,0,0,0,1,0,1,1,1,1,0,0,1,1,0,1,1,0,0,1,1,1,0,1,0,0,0,1,0,1,1,1,0,1,1,0,1,1,1,0,1,1,1,0,0,0
s0259_1ONE,1,1ONE,0,0,1,1,0,1,0,1,0,1,0,0,0,0,0,0,0,0,0,0,1,1,0,1,1,1,1,1,1,0,0,1,0,1,1,0,1,0,1,0,0,0,1,0,0,1,1,1,1
s0260_1ONE,0,1ONE,1,1,0,1,0,1,0,0,0,1,1,0,1,1,0,0,0,0,1,0,0,1,0,0,1,1,0,0,1,0,1,1,1,1,1,1,0,1,1,1,1,1,1,1,0,0,0,0,1
s0261_1ONE,1,1ONE,0,0,0,1,1,1,0,1,1,1,0,1,1,0,1,1,1,1,1,1,1,0,1,0,1,0,0,1,0,1,0,1,0,1,0,0,0,0,1,0,0,0,1,1,0,0,1,1,1
s0262_1ONE,0,1ONE,1,1,1,0,0,0,0,0,1,0,1,1,1,0,0,0,1,0,1,0,0,0,1,1,0,0,1,1,0,0,1,0,0,1,1,0,0,1,1,0,0,1,0,0,0,0,0,0,0
s0263_1ONE,1,1ONE,0,0,1,0,0,0,1,0,0,1,1,0,1,0,1,1,0,1,0,1,1,0,1,1,0,0,0,0,0,1,0,0,0,0,1,0,1,1,0,0,0,0,0,0,0,0,0,0,1
s0264_1ONE,0,1ONE,1,1,1,1,0,1,0,1,0,1,0,0,0,0,0,1,1,0,1,1,1,0,0,0,1,0,1,1,1,0,1,0,0,0,0,0,0,0,1,1,0,1,0,0,1,0,1,1,0
s0265_1ONE,1,1ONE,0,0,0,0,0,1,0,1,0,0,1,0,1,1,1,0,0,0,1,0,1,1,0,1,0,1,0,1,0,0,0,0,0,0,0,0,1,0,0,0,0,0,1,1,0,0,1,1,1
s0266_1ONE,0,1ONE,1,0,0,0,1,1,1,0,0,0,1,0,1,0,0,0,1,1,1,0,1,1,0,1,0,0,0,0,0,0,1,0,1,1,0,0,1,1,1,1,1,1,1,1,1,1,1,0,0
s0267_1ONE,1,1ONE,0,1,1,1,1,0,1,0,0,1,1,1,1,1,0,1,0,0,1,0,0,1,1,1,0,0,1,0,1,1,0,1,0,1,1,0,0,1,1,1,0,0,0,0,1,0,1,1,0
s0268_1ONE,1,1ONE,0,1,0,1,1,0,1,1,1,1,0,0,0,0,0,1,1,0,0,0,1,0,0,0,0,0,0,1,1,0,1,0,1,0,0,1,1,1,1,0,1,0,0,1,1,1,1,0,1
s0269_1ONE,1,1ONE,0,0,1,1,0,0,1,1,1,0,1,1,1,1,1,0,0,1,1,0,0,0,1,1,0,1,0,1,0,0,0,0,0,1,1,1,1,0,1,0,1,1,0,1,1,0,1,0,0
s0270_1ONE,0,1ONE,1,0,0,1,1,1,1,1,1,1,1,1,0,0,1,1,0,0,1,1,1,1,0,0,0,1,0,1,0,0,1,0,0,0,0,1,0,0,1,0,0,1,0,0,1,0,1,1,1
s0271_1ONE,0,1ONE,1,0,0,1,1,1,1,0,1,0,1,1,1,0,1,1,1,0,1,0,1,1,1,1,1,0,1,1,1,0,0,1,1,0,0,0,1,1,0,0,1,1,1,1,1,0,0,1,1
s0272_1ONE,0,1ONE,1,1,1,0,0,0,1,0,0,0,1,1,0,0,1,1,0,0,0,1,1,0,0,0,0,1,0,0,1,1,1,0,0,1,0,0,0,0,0,0,0,1,1,0,0,1,1,0,1
s0273_1ONE,1,1ONE,0,0,0,1,0,1,0,0,0,1,0,0,1,1,1,1,1,1,0,1,0,0,0,0,1,1,0,1,0,0,0,1,0,1,1,1,1,0,0,1,1,0,1,1,1,0,0,1,0
s0274_1ONE,1,1ONE,0,1,0,0,1,1,0,1,0,0,1,1,0,1,0,0,0,1,0,0,0,0,1,1,1,1,0,1,1,0,1,0,1,1,0,0,1,0,0,1,0,1,1,0,1,0,0,1,1
s0275_1ONE,1,1ONE,0,1,0,1,1,0,0,0,1,1,1,1,1,1,1,1,1,1,0,1,0,0,1,1,1,0,0,1,1,1,0,0,1,0,0,0,0,0,1,1,1,0,1,1,0,0,1,0,1
s0276_1ONE,1,1ONE,0,0,0,1,1,1,1,0,0,0,1,0,1,1,0,1,0,1,0,1,1,0,1,0,0,0,0,1,1,1,0,0,1,0,0,0,1,1,1,1,0,1,0,1,0,0,1,0,1
s0277_1ONE,0,1ONE,1,1,1,0,0,1,0,0,0,1,1,1,1,0,1,0,0,1,0,1,0,1,1,1,0,1,0,0,0,1,0,0,1,0,1,0,0,0,1,0,0,1,0,1,1,0,1,1,0
s0278_1ONE,1,1ONE,0,0,0,1,1,0,1,0,1,0,1,0,1,1,0,1,0,1,1,0,1,1,0,0,0,0,1,1,0,0,0,1,1,0,1,1,1,0,0,1,0,1,1,0,0,0,1,1,1
s0279_1ONE,1,1ONE,0,0,1,0,1,0,1,1,0,1,1,1,1,1,1,0,0,0,0,1,1,0,1,0,0,1,1,1,0,0,1,1,1,0,1,1,0,0,1,0,1,1,0,0,0,0,0,1,0
s0280_1ONE,0,1ONE,1,1,1,0,1,1,0,1,1,0,0,1,1,1,0,1,1,1,1,0,1,1,0,0,1,0,1,1,0,1,0,0,1,1,1,0,1,0,0,0,1,0,0,1,0,1,1,1,0
s0281_1ONE,1,1ONE,0,1,1,1,0,0,0,0,0,0,1,0,1,1,0,1,1,1,1,0,0,1,1,0,1,0,0,1,1,1,0,1,1,1,0,0,1,0,1,0,0,0,1,1,0,0,1,0,0
s0282_1ONE,0,1ONE,1,1,1,0,0,0,1,0,1,1,1,0,1,0,0,1,1,1,0,1,0,0,0,1,0,1,1,1,0,1,0,0,1,0,0,0,0,1,1,0,1,0,1,1,1,1,1,1,1
s0283_1ONE,1,1ONE,0,1,1,0,1,1,0,1,1,1,1,0,0,1,0,1,1,0,0,0,1,1,0,0,0,1,0,1,1,0,1,1,1,0,1,1,0,1,0,1,1,0,1,0,1,1,0,0,0
s0284_1ONE,1,1ONE,0,1,1,0,0,1,1,1,1,0,1,0,0,0,1,1,0,1,1,1,1,0,0,0,1,0,0,0,1,0,1,0,0,1,0,0,0,0,1,1,0,1,0,0,0,0,0,1,1
s0285_1ONE,1,1ONE,0,0,1,0,0,0,1,0,0,1,1,1,1,1,0,0,0,0,1,1,0,0,1,1,1,1,1,0,1,0,0,0,1,1,1,0,1,1,0,1,1,0,0,1,0,0,0,1,0
s0286_1ONE,1,1ONE,0,0,0,1,0,0,1,1,0,0,1,1,1,0,1,0,0,1,1,0,0,1,1,0,0,0,0,1,1,0,0,1,1,1,0,0,1,0,1,0,0,0,0,0,1,1,0,0,1
s0287_1ONE,1,1ONE,0,0,0,0,1,1,1,1,0,0,0,0,0,1,0,1,1,0,1,0,1,0,0,0,0,1,1,1,0,0,0,1,0,0,1,1,0,0,1,0,1,1,1,0,1,1,1,0,1
s0288_1ONE,0,1ONE,1,0,1,0,0,0,0,0,1,1,0,1,0,1,1,0,1,1,0,1,0,1,1,1,1,0,0,1,1,1,1,1,0,1,1,0,0,0,0,1,1,0,0,1,1,1,1,1,1
s0289_1ONE,0,1ONE,1,1,1,1,0,0,1,1,1,0,1,1,1,0,0,0,0,1,1,0,0,1,0,1,0,0,1,1,0,1,0,0,1,0,0,0,1,1,0,0,0,1,1,1,0,0,1,1,1
s0290_1ONE,1,1ONE,0,0,0,1,1,1,1,0,1,0,1,0,0,1,1,1,1,0,0,0,1,0,0,1,1,0,1,0,1,1,1,0,1,1,1,0,0,0,0,0,0,0,1,0,0,1,1,1,0
s0291_1ONE,0,1ONE,1,1,1,1,0,0,0,1,1,0,0,0,0,0,1,0,1,1,0,0,1,1,1,1,1,0,0,1,1,0,0,1,1,1,1,1,1,0,1,1,1,1,1,1,1,0,1,0,0
s0292_1ONE,0,1ONE,1,1,1,1,0,0,1,1,0,0,0,0,0,1,0,0,0,0,1,0,1,1,0,0,0,1,0,0,1,0,1,0,0,1,0,0,1,0,1,0,0,1,0,0,0,1,1,1,0
s0293_1ONE,1,1ONE,0,0,1,1,0,0,0,1,1,1,0,1,1,1,0,1,1,1,0,1,1,1,1,1,0,0,1,1,1,1,1,1,0,0,0,0,0,1,0,0,1,0,0,1,0,0,1,0,0
s0294_1ONE,1,1ONE,0,1,1,1,0,1,0,0,1,0,0,1,1,1,1,0,1,0,1,0,0,1,0,1,0,0,0,1,1,0,1,0,1,1,1,1,0,1,1,1,1,1,0,1,0,0,1,1,0
s0295_1ONE,0,1ONE,1,1,1,1,1,1,0,0,1,1,0,0,0,0,1,0,0,1,1,1,0,1,1,0,1,1,0,0,0,0,1,1,1,0,0,0,0,1,0,1,0,1,0,1,1,0,0,1,0
s0296_1ONE,0,1ONE,1,0,1,1,0,0,1,0,1,0,1,1,0,0,1,1,1,1,1,1,0,1,0,1,1,1,1,0,1,0,1,1,1,0,1,1,1,0,0,1,0,0,1,1,0,1,0,0,1
s0297_1ONE,1,1ONE,0,1,0,1,1,0,1,1,0,1,1,1,0,1,0,0,0,0,1,0,1,0,1,1,1,1,1,1,1,0,1,1,0,0,0,1,0,0,0,1,1,1,1,1,1,1,1,1,0
s0298_1ONE,0,1ONE,1,1,1,0,0,1,0,1,0,0,0,1,1,0,1,1,0,0,1,0,1,0,1,1,1,0,1,0,0,1,1,0,0,0,0,1,0,1,1,1,1,1,1,1,0,0,0,0,0
s0299_1ONE,0,1ONE,1,1,0,0,1,0,0,1,0,0,1,0,1,0,0,1,1,1,0,0,1,1,1,0,0,1,1,0,0,0,0,0,1,0,0,1,0,0,1,0,0,1,1,1,0,1,1,0,1
s0300_1ONE,0,1ONE,1,0,1,1,1,1,0,1,1,0,1,0,1,0,1,1,0,1,1,0,0,1,0,1,0,1,0,1,0,1,1,1,1,1,1,0,0,1,1,0,1,0,0,1,0,0,0,1,1
s0301_1ONE,1,1ONE,0,0,1,1,1,1,1,0,0,0,1,0,0,0,0,1,1,1,1,0,0,1,1,0,0,0,1,1,0,1,0,1,0,1,1,0,1,0,0,0,1,0,1,0,0,1,1,1,0
s0302_1ONE,0,1ONE,1,1,1,1,1,0,0,0,1,1,1,0,0,0,1,1,0,0,1,1,1,1,0,1,0,0,1,1,1,1,0,1,0,1,0,0,0,1,0,0,0,0,1,0,0,0,1,0,0
s0303_1ONE,0,1ONE,1,0,1,0,0,1,1,1,1,0,1,1,0,0,1,0,0,0,0,0,0,1,0,0,1,1,0,1,0,1,0,1,0,1,0,0,0,0,0,1,1,1,1,0,0,1,1,0,1
s0304_1ONE,0,1ONE,1,1,1,1,0,0,0,0,0,0,1,0,1,0,0,1,1,1,1,0,0,1,0,0,1,0,0,1,0,0,1,1,1,1,0,0,0,0,0,0,0,0,0,1,0,1,0,1,1
s0305_1ONE,1,1ONE,0,0,1,0,1,1,0,1,0,1,1,0,1,0,0,1,0,0,1,0,1,1,0,1,1,0,1,1,0,0,0,1,0,0,1,1,0,1,1,1,0,0,0,0,1,0,1,1,1
s0306_1ONE,0,1ONE,1,1,0,1,0,1,1,0,0,0,1,0,0,0,0,0,0,1,1,1,0,1,0,1,1,0,1,1,1,0,1,1,0,0,1,0,0,0,0,1,1,0,0,1,0,0,1,0,1
s0307_1ONE,1,1ONE,0,0,0,0,0,1,1,1,0,0,0,1,0,1,1,0,0,1,1,0,1,0,1,1,1,1,1,1,0,0,1,1,1,0,0,0,0,1,0,1,0,0,1,0,1,1,1,1,0
s0308_1ONE,1,1ONE,0,1,0,1,0,1,0,0,0,0,0,0,0,1,1,1,0,0,1,0,1,0,1,1,0,1,1,0,1,0,1,0,0,0,1,0,0,0,0,1,0,1,0,0,0,1,0,1,1
s0309_1ONE,1,1ONE,0,1,0,1,1,0,0,0,0,0,1,1,1,0,0,1,1,1,0,0,1,1,0,0,0,0,0,0,1,1,0,1,0,0,0,1,1,1,0,0,1,0,1,0,1,0,0,0,1
s0310_1ONE,1,1ONE,0,0,1,1,0,0,1,1,0,1,1,1,0,0,0,1,0,0,0,1,0,0,0,0,0,1,1,0,1,1,1,1,1,0,0,1,0,0,0,1,0,0,1,0,0,0,0,0,0
s0311_1ONE,0,1ONE,1,0,0,1,0,0,0,0,1,1,0,1,0,1,1,1,1,0,1,1,1,0,1,1,1,1,1,0,1,1,0,1,1,1,0,0,0,1,1,0,0,0,1,1,1,1,1,1,1
s0312_1ONE,1,1ONE,0,1,1,0,1,1,0,0,0,1,0,0,1,1,0,1,1,1,1,1,0,1,0,0,0,1,1,0,0,0,1,1,0,0,1,1,0,1,1,0,1,0,1,1,0,0,0,0,1
s0313_1ONE,1,1ONE,0,1,0,1,1,0,0,1,1,1,0,1,0,1,1,1,0,1,1,1,1,0,1,1,1,0,0,0,0,1,0,0,1,0,0,1,1,1,0,0,0,1,0,0,0,0,0,0,1
s0314_1ONE,1,1ONE,0,1,1,0,1,1,1,1,1,0,1,1,0,0,0,1,0,1,1,1,1,1,1,0,0,1,0,1,1,0,0,1,0,0,1,0,0,0,1,1,1,0,0,1,0,1,1,1,1
s0315_1ONE,1,1ONE,0,1,1,0,1,0,1,1,0,1,1,0,1,1,0,0,0,0,0,1,1,0,1,1,0,1,1,1,0,1,0,1,0,0,0,0,1,1,1,0,1,1,1,1,0,1,1,1,1
s0316_1ONE,0,1ONE,1,1,1,0,1,1,1,1,0,0,1,1,1,1,0,0,1,0,0,1,0,0,1,1,1,0,0,1,0,1,0,0,0,0,0,1,1,0,0,0,0,1,0,0,0,1,0,1,1
s0317_1ONE,0,1ONE,1,1,0,1,1,0,0,0,1,1,1,1,0,1,0,1,1,1,0,1,0,1,0,0,1,0,0,1,0,0,0,0,1,1,0,1,1,1,1,1,0,0,0,0,1,1,1,0,0
s0318_1ONE,1,1ONE,0,1,0,1,1,0,0,1,0,0,1,1,1,1,1,0,0,0,1,1,1,0,0,0,0,1,1,0,1,0,1,0,0,0,0,0,1,1,1,1,0,0,0,0,1,1,0,0,1
s0319_1ONE,0,1ONE,1,0,1,0,0,0,1,0,1,0,0,0,1,1,0,0,1,0,0,0,1,0,0,1,0,0,1,1,0,1,1,1,0,1,1,1,0,1,1,0,0,1,1,1,1,1,0,0,1
s0320_1ONE,0,1ONE,1,0,1,0,0,1,0,0,0,0,1,1,0,1,1,0,1,0,1,1,0,1,1,0,0,0,0,0,1,0,1,0,1,0,1,1,0,1,1,0,0,1,1,0,1,0,1,1,1
s0321_1ONE,1,1ONE,0,1,0,1,1,0,0,1,1,0,1,1,1,0,1,1,1,1,1,1,0,1,0,1,0,0,0,1,1,0,0,1,0,0,1,0,1,1,1,1,0,1,1,0,1,1,1,0,1
s0322_1ONE,0,1ONE,1,0,0,0,1,0,0,1,0,0,0,0,0,0,0,0,0,0,0,1,1,1,0,1,0,0,1,0,0,0,0,0,0,0,0,0,0,0,0,1,1,1,1,1,0,1,1,0,1
s0323_1ONE,0,1ONE,1,1,1,1,0,1,0,1,1,0,0,1,0,0,0,0,1,1,1,1,1,0,0,0,1,1,0,0,0,1,0,0,1,0,0,0,1,1,0,0,1,0,0,1,1,0,0,0,1
s0324_1ONE,1,1ONE,0,1,1,0,1,1,0,1,0,0,0,0,1,0,1,0,0,1,0,0,0,1,1,0,0,1,0,1,1,0,1,1,0,1,0,0,1,0,0,0,0,1,1,0,1,0,0,0,0
s0325_1ONE,1,1ONE,0,0,1,1,0,0,1,0,0,0,1,0,0,1,0,0,1,1,1,0,1,0,0,0,0,0,0,1,1,1,1,0,1,0,0,1,0,0,1,1,1,1,0,0,0,0,1,1,1
s0326_1ONE,1,1ONE,0,0,1,0,0,1,0,1,0,0,1,1,0,0,0,1,1,1,1,0,0,1,1,1,1,0,0,1,1,0,0,0,0,0,0,0,1,1,1,0,1,0,0,1,0,1,0,1,1
s0327_1ONE,1,1ONE,0,1,0,0,1,0,1,1,1,0,0,0,0,1,1,0,0,0,1,0,1,0,1,0,1,0,1,0,0,1,1,1,1,1,1,0,1,1,1,1,1,1,0,0,0,0,1,1,0
s0328_1ONE,1,1ONE,0,1,0,1,1,1,0,0,1,1,0,1,1,1,0,0,0,1,1,0,1,1,1,1,1,0,1,0,0,1,0,1,0,0,1,0,1,1,1,1,1,1,1,0,0,1,0,1,0
s0329_1ONE,0,1ONE,1,1,0,1,1,1,1,1,0,0,0,1,1,0,0,1,0,0,0,1,1,0,0,1,1,1,0,0,1,1,1,0,0,0,0,0,1,0,1,1,0,0,1,1,0,0,0,1,1
s0330_1ONE,1,1ONE,0,0,1,0,0,1,0,0,1,0,1,1,0,1,1,0,0,0,1,0,0,0,1,1,1,1,0,0,0,0,1,1,0,0,1,0,1,1,1,1,0,0,0,1,1,1,0,1,0
s0331_1ONE,1,1ONE,0,0,1,0,1,0,0,1,0,1,1,1,1,0,0,0,1,1,1,1,0,1,0,0,1,1,0,0,1,0,0,1,0,1,1,1,1,0,1,1,1,1,0,1,1,1,1,1,1
s0332_1ONE,0,1ONE,1,1,0,1,1,0,1,1,1,0,0,1,1,0,1,1,0,1,1,1,1,0,1,1,0,1,1,1,1,0,0,1,1,0,1,1,0,1,0,1,1,0,1,0,1,0,1,1,0
s0333_1ONE,0,1ONE,1,1,0,0,1,0,0,0,1,0,0,0,0,0,1,0,1,0,0,1,0,1,0,0,1,0,1,0,0,1,0,0,1,0,1,0,0,1,0,0,0,0,1,0,1,1,1,1,0
s0334_1ONE,1,1ONE,0,0,0,1,1,1,0,1,0,0,0,1,0,0,0,1,1,0,1,0,0,1,1,0,1,0,0,1,1,1,0,1,1,0,0,1,0,0,1,1,0,0,1,1,0,1,1,1,1
s0335_1ONE,0,1ONE,1,0,1,0,1,1,0,1,1,0,0,0,0,0,1,1,1,0,0,0,0,1,0,0,0,1,1,0,1,0,1,1,0,1,1,0,1,0,1,0,0,0,0,1,0,1,0,0,0
s0336_1ONE,1,1ONE,0,1,1,0,0,0,1,0,0,1,0,1,0,0,1,1,1,1,1,1,0,1,0,0,0,0,0,0,1,1,1,1,1,1,0,0,0,1,0,0,1,0,1,0,1,0,1,0,1
s0337_1ONE,1,1ONE,0,1,0,1,0,1,0,1,0,0,0,0,0,0,0,1,0,1,1,1,0,0,0,1,1,0,1,1,1,1,1,0,0,1,1,1,1,0,0,0,1,0,1,0,1,1,1,1,1
s0338_1ONE,0,1ONE,1,0,0,1,1,1,0,0,1,0,1,0,0,1,0,0,1,0,1,0,1,1,0,0,0,1,0,1,0,1,1,0,0,1,0,0,0,1,1,1,0,0,1,1,0,1,0,1,0
s0339_1ONE,0,1ONE,1,1,0,1,1,0,0,0,0,0,1,0,0,0,0,0,1,1,1,0,1,0,1,1,1,0,0,0,0,0,1,1,1,1,0,1,1,1,0,1,0,1,1,1,0,0,1,0,1
s0340_1ONE,0,1ONE,1,1,0,0,1,0,1,0,1,1,0,0,0,1,1,1,0,1,0,0,0,0,0,1,1,0,1,0,0,1,1,0,1,1,0,0,1,0,0,1,1,1,0,1,0,1,0,0,1
s0341_1ONE,1,1ONE,0,0,1,0,1,1,1,1,0,0,1,0,1,1,1,1,0,1,1,1,0,0,0,1,1,0,1,1,1,1,0,1,1,1,0,0,1,0,1,1,1,1,0,1,0,1,0,1,1
s0342_1ONE,1,1ONE,0,0,0,0,0,0,1,1,1,0,1,0,0,1,0,1,0,1,1,1,0,0,0,1,0,1,0,0,0,0,0,1,1,1,1,0,1,1,0,1,0,0,0,1,1,1,0,1,0
s0343_1ONE,0,1ONE,1,0,1,1,0,0,1,1,1,1,1,0,0,0,1,0,1,0,1,1,0,0,1,1,1,1,0,1,0,1,0,0,0,0,0,0,1,0,1,1,1,0,0,0,1,0,0,0,1
s0344_1ONE,0,1ONE,1,1,1,0,1,1,0,0,1,0,1,1,0,1,0,0,0,0,0,1,0,0,1,0,0,1,1,1,1,0,1,0,0,0,1,1,0,1,1,1,1,0,0,0,1,0,0,0,1
s0345_1ONE,0,1ONE,1,0,0,0,1,1,0,1,1,0,1,1,0,0,0,0,1,0,0,0,0,0,1,0,0,0,1,0,0,1,0,1,1,1,1,0,1,0,1,0,1,0,0,1,1,0,0,1,1
s0346_1ONE,0,1ONE,1,1,1,0,1,1,0,0,1,1,0,0,1,0,1,1,0,1,0,1,0,0,0,0,1,1,0,0,0,1,0,1,1,1,1,0,0,1,0,0,1,1,1,1,1,1,0,0,1
s0347_1ONE,0,1ONE,1,0,1,1,0,1,1,1,0,1,0,0,0,1,0,1,1,0,0,0,0,0,1,0,1,0,1,0,0,0,0,0,1,0,0,1,1,0,0,0,0,0,0,0,0,0,1,0,1
s0348_1ONE,0,1ONE,1,1,0,0,1,1,0,1,1,0,0,1,0,0,1,0,1,1,0,1,0,1,1,1,1,0,1,0,0,0,1,1,1,0,0,1,0,0,0,0,0,0,1,1,0,1,1,0,1
s0349_1ONE,0,1ONE,1,1,1,0,0,1,0,0,1,1,1,1,1,0,0,1,0,1,0,1,0,1,1,1,0,1,1,0,1,1,0,0,1,0,1,1,1,1,1,0,1,0,0,0,0,1,1,1,1
s0350_1ONE,1,1ONE,0,0,1,1,1,0,0,0,0,1,1,1,0,0,1,0,1,0,1,1,1,1,1,1,1,1,1,0,0,0,0,1,0,0,0,0,0,0,1,1,0,0,1,0,0,0,0,0,1
s0351_1ONE,1,1ONE,0,1,0,1,0,1,1,0,0,1,1,1,1,0,1,0,0,1,1,1,1,1,1,0,0,0,1,0,1,0,1,1,1,0,0,0,0,0,1,0,0,1,0,0,0,0,1,1,1
s0352_1ONE,1,1ONE,0,0,1,0,1,1,1,1,0,0,0,0,1,1,0,1,0,0,0,0,1,0,0,0,1,1,0,0,0,0,0,1,0,0,1,1,1,1,1,0,1,1,0,1,1,1,0,1,1
s0353_1ONE,0,1ONE,1,0,0,1,1,1,0,0,0,0,0,1,0,0,1,0,1,1,0,0,0,0,0,1,1,1,0,1,0,1,1,1,0,1,0,1,1,1,0,1,1,1,1,1,0,1,0,1,1
s0354_1ONE,0,1ONE,1,1,0,0,1,0,0,1,1,0,0,0,0,1,0,1,0,1,1,0,0,1,0,1,0,1,1,1,1,1,1,1,1,1,0,1,0,0,1,0,1,0,1,1,1,0,1,0,1
s0355_1ONE,0,1ONE,1,0,0,0,0,1,1,0,1,1,1,0,1,0,1,1,1,0,0,1,1,1,0,1,1,1,1,1,1,1,1,1,0,1,0,1,1,0,1,0,1,0,0,1,0,0,0,0,0
s0356_1ONE,0,1ONE,1,1,0,1,0,1,1,0,1,1,1,1,1,1,1,0,0,1,1,0,1,0,1,1,1,1,1,1,1,0,1,1,0,0,1,1,0,0,1,0,0,1,1,0,1,0,1,1,0
s0357_1ONE,1,1ONE,0,1,0,0,1,0,0,0,1,1,1,0,0,1,0,1,0,0,1,1,0,0,0,1,1,1,1,1,0,1,1,0,1,1,1,0,1,0,0,1,0,1,0,0,0,0,0,1,0
s0358_1ONE,1,1ONE,0,1,1,1,0,1,1,0,0,0,0,1,1,0,0,1,0,1,1,1,1,1,0,1,1,0,0,0,0,1,0,0,1,1,0,1,1,0,1,0,0,0,0,0,1,1,0,1,0
s0359_1ONE,0,1ONE,1,1,1,1,0,0,1,1,1,0,1,1,1,1,0,0,0,0,1,0,1,1,0,1,0,1,0,0,0,1,1,1,0,0,1,1,0,1,1,1,1,0,1,1,1,1,0,1,1
s0360_1ONE,1,1ONE,0,0,0,0,0,1,0,1,0,1,1,0,1,1,0,0,0,0,1,1,1,1,0,1,1,1,1,0,1,1,0,1,0,0,0,1,0,0,0,0,0,0,1,1,1,1,1,1,1
s0361_1ONE,1,1ONE,0,1,0,0,0,0,1,1,0,0,1,0,1,1,0,0,1,1,1,0,1,1,0,0,0,1,0,0,1,0,1,1,0,1,0,0,0,1,0,0,1,1,0,1,0,0,0,1,1
s0362_1ONE,0,1ONE,1,1,0,1,0,1,0,1,0,1,0,1,1,1,1,0,0,0,1,0,1,0,1,0,0,0,0,0,1,0,1,0,0,1,1,1,0,1,1,1,0,1,1,0,0,1,1,1,1
s0363_1ONE,0,1ONE,1,0,1,0,0,0,0,1,1,0,1,1,1,0,1,0,1,1,0,0,1,1,0,0,1,0,0,0,0,0,0,0,1,1,1,1,0,0,1,0,0,1,1,0,0,0,1,0,1
s0364_1ONE,1,1ONE,0,0,1,1,1,0,1,1,0,0,0,0,0,0,1,1,0,1,1,0,1,0,0,0,1,0,0,0,1,0,0,0,1,0,0,1,1,0,1,0,1,1,1,1,1,1,0,0,0
s0365_1ONE,1,1ONE,0,0,0,1,1,0,1,1,1,0,0,0,1,1,0,1,0,0,0,1,0,0,0,0,1,0,0,0,0,0,0,0,1,1,1,1,1,0,0,1,1,0,1,1,0,1,0,0,1
s0366_1ONE,0,1ONE,1,0,0,0,0,0,0,0,1,0,0,1,0,1,0,1,1,0,1,1,0,1,0,1,0,1,1,0,0,1,0,1,1,0,0,0,1,0,0,0,1,0,0,0,0,1,1,1,0
s0367_1ONE,0,1ONE,1,1,0,0,0,0,0,0,0,1,1,1,0,0,0,0,0,0,1,0,1,0,1,0,0,1,0,1,0,0,1,1,1,1,0,0,0,0,1,0,1,0,1,1,0,0,0,0,0
s0368_1ONE,1,1ONE,0,1,0,0,0,1,1,1,1,0,1,1,1,1,0,0,0,0,0,1,0,1,1,1,0,1,0,0,1,1,1,0,0,1,1,0,0,0,1,0,0,0,1,0,1,0,1,0,1
s0369_1ONE,0,1ONE,1,1,0,0,1,1,1,0,1,1,0,0,1,0,0,1,1,0,1,0,0,1,1,1,0,1,0,0,0,1,1,0,1,0,0,1,1,1,0,0,1,0,1,1,1,1,1,0,1
s0370_1ONE,0,1ONE,1,0,0,1,1,1,0,1,0,1,1,1,0,0,1,1,0,1,0,0,0,1,1,0,1,0,1,1,1,0,1,0,0,0,1,1,0,0,1,0,0,0,0,1,1,1,1,0,0
s0371_1ONE,1,1ONE,0,0,0,0,1,1,1,1,0,0,0,1,0,0,0,1,0,1,0,0,1,0,0,1,0,1,0,0,1,0,1,1,0,0,0,1,1,0,1,1,0,0,0,1,0,0,1,0,0
s0372_1ONE,1,1ONE,0,0,1,1,0,1,0,0,1,1,0,0,1,0,1,0,0,0,1,1,1,1,0,1,0,0,0,1,1,0,0,1,0,0,1,0,0,0,0,1,1,0,1,0,1,0,0,1,1
s0373_1ONE,0,1ONE,1,0,0,1,1,1,1,0,0,0,0,1,0,1,1,1,1,1,1,1,0,1,0,1,0,0,1,1,0,1,1,0,1,1,0,0,0,0,0,0,0,1,0,1,0,0,1,1,1
s0374_1ONE,1,1ONE,0,1,0,0,1,0,1,0,0,1,0,0,0,1,0,0,1,1,1,1,0,1,0,1,1,1,0,1,0,1,0,0,0,0,0,1,1,0,1,1,1,0,0,0,0,1,0,1,0
s0375_1ONE,1,1ONE,0,0,1,1,0,0,1,1,0,0,0,1,1,0,1,0,1,0,1,1,1,0,1,0,1,1,1,1,1,0,0,1,1,1,1,0,1,0,1,0,0,1,0,0,0,0,0,0,1
s0376_1ONE,0,1ONE,1,0,1,0,0,0,1,1,0,1,0,0,0,0,0,1,1,0,0,0,1,0,1,0,0,0,0,1,1,0,1,1,1,1,1,1,1,0,0,0,0,0,1,1,1,1,0,0,0
s0377_1ONE,1,1ONE,0,1,1,0,0,0,1,0,0,0,0,0,1,1,1,1,0,0,0,0,1,1,0,1,1,1,1,1,1,1,0,0,1,1,1,1,1,0,1,1,1,0,1,1,1,0,1,1,0
s0378_1ONE,1,1ONE,0,1,0,1,0,1,0,1,0,0,0,1,1,1,0,1,0,1,1,1,0,1,1,0,1,1,1,0,1,0,1,0,0,0,1,0,0,0,1,0,1,0,1,1,0,0,0,0,0
s0379_1ONE,1,1ONE,0,0,0,1,1,1,0,1,1,0,0,1,1,1,0,1,1,0,0,1,0,0,0,0,1,0,1,0,1,0,0,1,0,1,0,0,1,0,0,0,0,0,0,1,0,1,0,0,1
s0380_1ONE,0,1ONE,1,0,1,1,1,0,1,0,0,1,0,1,0,1,1,0,0,0,0,1,1,0,0,0,1,0,0,0,1,1,1,1,1,1,1,0,1,1,1,1,1,0,0,0,0,1,0,0,1
s0381_1ONE,0,1ONE,1,1,0,0,1,0,1,0,1,1,1,1,1,0,1,0,0,0,0,1,1,0,0,1,0,0,0,1,0,0,0,1,0,0,1,1,0,0,1,1,0,0,0,0,1,1,1,1,0
s0382_1ONE,0,1ONE,1,0,1,0,0,0,0,1,0,0,1,1,1,0,0,1,1,0,0,1,0,0,0,0,1,1,1,1,1,1,0,0,1,1,1,1,1,1,0,0,1,0,1,1,1,1,0,1,1
s0383_1ONE,1,1ONE,0,1,0,1,1,1,0,0,1,0,0,1,1,1,1,1,1,0,0,1,0,0,0,1,0,1,1,1,0,1,1,1,0,1,0,0,0,0,0,1,0,0,0,0,0,0,0,0,1
s0384_1ONE,0,1ONE,1,0,1,1,1,1,1,1,0,0,0,1,1,0,0,1,1,0,0,0,1,1,0,0,1,0,0,1,1,1,1,0,1,1,0,0,0,1,0,0,0,1,0,1,1,0,1,0,0
s0385_1ONE,1,1ONE,0,0,0,0,1,1,1,1,1,0,1,1,1,1,0,0,1,1,0,0,0,0,0,0,1,1,0,1,0,0,0,0,0,1,1,0,0,1,1,1,0,1,1,1,1,1,1,0,1
s0386_1ONE,0,1ONE,1,0,0,1,1,0,0,0,0,1,1,1,1,1,0,1,0,0,0,0,1,1,1,1,0,0,0,0,0,0,0,0,0,0,1,1,0,1,0,1,1,0,0,1,1,0,0,1,0
s0387_1ONE,1,1ONE,0,0,0,0,0,0,0,1,0,1,0,1,0,1,0,1,1,0,0,0,1,1,1,1,1,1,1,0,0,1,0,1,1,1,0,0,1,1,1,0,1,1,1,0,1,1,0,1,0
s0388_1ONE,0,1ONE,1,1,0,1,0,1,0,0,1,1,0,0,0,0,0,1,1,1,0,0,0,1,0,0,0,1,1,0,1,1,1,0,1,0,1,1,0,1,0,0,0,0,0,1,0,1,0,1,1
s0389_1ONE,0,1ONE,1,1,1,1,0,1,0,1,1,1,0,0,0,1,1,1,0,1,1,0,1,0,0,1,1,1,1,0,0,1,1,1,1,1,1,1,0,0,1,0,0,1,0,1,1,0,0,0,1
s0390_1ONE,1,1ONE,0,1,0,0,0,0,1,1,0,0,0,0,1,0,1,1,0,0,1,0,0,1,1,0,1,1,0,0,0,1,0,0,0,1,1,0,1,1,0,0,0,0,0,0,1,1,0,1,0
s0391_1ONE,1,1ONE,0,0,1,1,0,0,0,0,0,1,1,0,1,1,0,0,1,0,0,0,0,1,0,0,0,1,1,0,0,0,0,0,1,0,1,1,1,0,1,0,1,0,0,1,1,1,1,0,1
s0392_1ONE,0,1ONE,1,1,1,1,0,1,1,0,0,0,1,0,1,0,1,1,0,1,0,0,0,0,0,1,1,0,1,1,0,1,1,1,0,0,0,1,0,1,1,1,1,0,1,1,1,0,1,1,0
s0393_1ONE,1,1ONE,0,0,0,1,0,1,1,1,1,1,1,1,0,1,1,1,1,1,0,1,1,1,1,0,0,0,0,1,0,0,0,1,0,1,1,0,0,0,0,1,1,1,1,0,0,0,0,0,0
s0394_1ONE,1,1ONE,0,1,1,0,1,0,1,0,0,1,0,0,0,0,0,1,1,1,1,0,1,1,1,0,1,0,1,0,1,1,0,1,0,1,1,1,1,1,0,1,1,1,0,0,0,0,0,1,0
s0395_1ONE,1,1ONE,0,1,1,0,0,1,1,1,1,0,0,0,0,1,1,0,0,0,0,0,0,0,0,0,1,0,1,1,0,1,0,1,0,1,1,0,0,0,1,1,0,0,1,1,0,1,0,1,1
s0396_1ONE,1,1ONE,0,0,1,0,0,0,0,0,0,1,1,0,0,1,1,0,0,0,1,0,0,1,1,0,0,1,0,1,0,1,1,0,0,0,1,1,1,1,0,0,0,1,1,1,1,0,0,1,1
s0397_1ONE,1,1ONE,0,1,1,0,1,0,1,1,0,0,1,1,1,1,1,1,0,0,0,1,1,0,0,0,1,1,0,1,1,0,0,1,0,0,0,1,1,1,1,0,1,1,1,0,1,0,0,1,1
s0398_1ONE,1,1ONE,0,0,0,1,1,1,1,0,1,0,1,0,1,0,1,1,0,1,1,1,0,0,1,1,0,1,0,0,1,1,0,1,1,0,1,0,1,0,1,1,0,0,1,1,1,1,0,0,1
s0399_1ONE,0,1ONE,1,1,0,1,0,1,1,0,1,1,0,0,1,1,0,1,1,1,1,0,0,0,1,1,0,1,0,0,1,0,0,0,0,0,0,1,0,0,1,1,1,0,0,0,0,0,0,1,1
s0400_1ONE,0,1ONE,1,1,1,1,0,0,1,1,0,1,1,0,1,0,1,0,0,0,1,1,0,0,1,0,0,0,0,1,1,0,1,0,0,0,1,1,0,0,1,1,0,1,0,1,1,0,0,1,1
s0401_1ONE,0,1ONE,1,0,0,1,0,0,0,1,0,0,1,1,0,1,0,0,1,1,0,0,0,1,0,1,1,1,0,0,0,0,1,1,1,0,0,0,1,1,1,0,1,0,1,0,0,1,1,0,0
s0402_1ONE,0,1ONE,1,1,0,1,1,0,1,0,0,0,1,0,0,1,1,0,0,1,0,1,0,0,0,1,0,0,0,1,1,1,0,1,0,1,0,0,1,0,0,1,0,1,0,0,0,0,1,0,1
s0403_1ONE,0,1ONE,1,1,1,1,1,0,1,0,0,0,1,1,0,1,0,0,1,0,1,1,1,1,1,0,0,1,0,0,0,1,1,1,0,1,0,0,0,1,1,0,0,0,1,1,1,1,1,1,0
s0404_1ONE,0,1ONE,1,1,0,0,1,0,0,1,0,1,0,1,1,1,0,1,1,1,0,0,0,0,0,1,0,1,1,1,1,1,1,1,0,0,1,1,0,1,1,1,1,1,0,0,1,1,1,0,1
s0405_1ONE,1,1ONE,0,0,1,0,0,1,0,0,0,0,0,1,0,0,1,1,0,1,0,1,1,1,0,1,0,1,0,0,1,1,1,1,0,1,0,0,0,1,0,1,1,0,1,1,1,0,1,1,0
s0406_1ONE,1,1ONE,0,0,1,1,1,0,1,1,1,0,1,1,1,1,0,1,0,1,0,0,1,1,1,0,1,1,1,0,1,0,0,1,1,1,0,1,1,1,0,1,0,1,1,0,0,1,1,1,1
s0407_1ONE,0,1ONE,1,1,1,0,0,1,0,1,1,0,0,1,1,1,0,1,1,0,1,1,1,0,0,1,0,0,1,0,1,0,0,0,0,1,1,0,1,1,0,0,1,1,1,0,0,0,0,0,1
s0408_1ONE,1,1ONE,0,1,1,0,0,1,1,0,0,0,1,1,0,0,1,1,1,0,0,1,0,0,0,0,1,1,1,1,0,0,0,1,1,1,1,1,0,0,0,1,1,0,0,0,0,1,1,0,1
s0409_1ONE,0,1ONE,1,1,0,0,0,0,1,0,1,0,1,1,0,0,1,0,0,0,0,1,1,0,1,0,0,0,0,1,1,1,1,0,0,1,1,1,0,0,1,0,1,0,0,1,1,0,1,0,1
s0410_1ONE,0,1ONE,1,0,1,0,0,1,1,1,1,0,1,1,0,0,1,0,0,0,0,1,1,0,1,1,1,0,0,0,1,0,1,1,1,0,1,0,0,0,1,1,1,0,1,0,1,0,0,1,0
s0411_1ONE,0,1ONE,1,1,0,0,0,0,0,1,0,1,0,0,1,1,0,0,0,1,1,1,0,0,1,1,1,0,0,0,0,0,0,0,1,1,1,1,1,0,1,0,1,0,1,0,0,0,1,0,1
s0412_1ONE,0,1ONE,1,1,0,1,1,0,0,0,0,0,1,0,1,1,1,1,0,0,1,1,1,1,1,1,1,1,0,0,1,1,0,1,1,0,1,0,0,1,1,0,0,1,1,0,1,1,1,1,1
s0413_1ONE,1,1ONE,0,1,0,1,1,1,1,1,0,1,1,0,0,1,0,1,1,1,0,1,1,1,1,0,1,1,1,1,0,0,1,1,0,0,1,1,0,0,1,0,1,0,0,0,0,0,0,1,0
s0414_1ONE,0,1ONE,1,0,0,1,0,0,0,1,1,1,1,1,0,1,1,0,1,1,0,0,1,0,0,0,1,0,0,0,1,1,1,0,1,1,1,0,1,1,1,1,1,1,0,1,1,1,0,0,1
s0415_1ONE,0,1ONE,1,1,1,0,0,0,1,1,1,0,0,0,1,0,0,0,1,0,0,1,1,0,0,0,1,1,0,0,1,1,1,0,0,1,1,0,0,1,1,0,0,0,0,1,1,1,0,1,1
s0416_1ONE,1,1ONE,0,1,0,0,1,0,0,0,0,0,0,0,0,1,1,1,1,0,1,0,0,1,1,1,1,1,0,1,1,0,0,1,0,0,1,1,0,0,0,1,0,1,1,1,1,1,1,1,1
s0417_1ONE,1,1ONE,0,1,1,1,0,0,0,0,0,1,0,0,0,0,1,1,1,1,0,1,1,1,1,0,0,0,0,1,1,1,1,1,1,0,1,1,0,1,1,0,1,1,0,1,1,1,1,1,1
s0418_1ONE,1,1ONE,0,1,0,1,0,1,0,0,1,1,1,1,1,1,0,1,0,1,1,0,0,0,0,1,0,0,0,1,1,1,1,0,0,0,0,0,1,1,0,0,1,1,0,0,0,1,0,1,1
s0419_1ONE,1,1ONE,0,1,1,1,0,0,0,0,1,1,0,1,1,1,0,0,0,0,1,0,0,1,0,0,1,0,0,0,0,0,0,0,1,1,0,0,0,0,1,0,1,1,0,0,1,0,0,1,1
s0420_1ONE,1,1ONE,0,1,1,1,1,0,0,1,1,0,1,0,1,1,1,1,1,0,0,0,1,0,1,1,1,0,1,1,1,1,0,0,0,1,1,0,1,1,1,1,1,1,1,0,0,1,0,0,0
s0421_1ONE,1,1ONE,0,1,1,0,0,0,0,0,1,1,1,1,1,0,1,1,1,1,0,1,0,0,1,1,0,0,0,1,0,0,0,0,0,1,0,0,1,1,1,0,0,0,0,1,0,0,0,1,0
s0422_1ONE,0,1ONE,1,0,0,0,0,1,1,1,0,1,0,1,0,1,1,0,0,1,0,0,1,1,0,0,0,1,1,0,0,1,0,1,0,1,0,1,1,1,0,1,1,0,0,1,0,1,1,1,0
s0423_1ONE,1,1ONE,0,1,0,1,0,1,0,1,0,0,1,0,1,1,1,1,1,1,0,1,0,1,1,1,1,1,0,0,0,1,1,1,0,0,1,1,0,1,0,1,0,1,1,0,1,1,1,1,0
s0424_1ONE,1,1ONE,0,0,0,1,0,1,0,0,1,0,0,1,0,0,0,0,1,0,1,1,0,1,0,1,1,1,0,1,1,1,1,0,1,0,0,0,0,1,1,1,0,0,1,1,0,0,1,1,1
s0425_1ONE,0,1ONE,1,1,0,1,1,1,0,0,0,0,1,0,1,0,0,1,0,1,0,1,0,1,0,0,1,0,0,0,0,0,1,0,1,1,1,1,0,1,1,1,0,1,1,0,0,1,0,0,1
s0426_1ONE,1,1ONE,0,1,0,0,1,0,0,1,1,1,0,0,1,1,0,1,1,0,1,1,1,0,1,0,1,1,0,1,0,0,0,0,0,0,0,1,0,1,0,1,1,1,1,1,1,0,1,1,0
s0427_1ONE,0,1ONE,1,0,0,0,1,0,1,1,0,0,0,1,0,1,0,0,0,1,1,1,1,1,0,1,1,1,1,1,0,0,0,1,0,0,0,0,1,1,1,1,0,0,0,0,0,0,0,0,1
s0428_1ONE,1,1ONE,0,1,1,1,0,1,0,1,0,0,1,0,1,1,0,0,1,1,0,0,1,0,0,1,1,1,0,0,1,1,0,1,1,1,0,1,1,0,1,1,0,1,1,1,0,0,0,1,1
s0429_1ONE,1,1ONE,0,1,1,0,1,1,0,0,1,0,0,1,1,0,1,0,0,0,0,0,1,1,0,0,1,0,0,0,1,1,0,1,0,0,0,1,1,0,0,0,1,0,1,0,0,0,0,1,0
s0430_1ONE,1,1ONE,0,1,1,0,0,1,1,0,0,0,1,0,1,0,1,1,1,1,1,1,0,1,0,1,0,0,0,1,0,1,1,0,1,1,0,1,1,1,1,1,0,0,1,1,1,1,0,0,0
s0431_1ONE,1,1ONE,0,0,0,1,0,1,1,0,1,0,0,0,0,1,1,0,1,1,1,0,0,1,0,1,0,1,1,1,1,1,0,1,0,1,1,0,1,0,1,0,0,1,1,1,0,0,1,1,0
s0432_1ONE,1,1ONE,0,1,1,0,0,1,1,0,0,1,0,0,0,1,0,0,1,1,0,1,0,0,1,0,0,1,0,1,0,1,1,1,0,1,1,1,0,0,0,0,1,1,1,1,0,1,1,1,1
s0433_1ONE,1,1ONE,0,0,1,1,0,1,1,1,0,1,0,0,1,0,0,1,0,0,0,0,1,1,0,0,0,1,0,0,0,0,1,0,1,0,1,1,0,1,1,0,1,1,0,1,1,1,1,1,1
s0434_1ONE,1,1ONE,0,1,0,0,0,0,1,0,0,1,1,0,0,0,0,0,1,0,0,1,1,1,0,1,1,0,1,1,1,0,0,0,0,1,1,1,0,0,0,1,1,1,0,0,0,0,0,1,1
s0435_1ONE,0,1ONE,1,0,1,1,1,1,0,1,0,1,0,1,0,1,0,0,1,0,0,0,1,0,1,1,1,1,1,0,1,0,1,0,1,1,1,1,0,0,0,1,0,1,0,1,0,0,0,1,0
s0436_1ONE,1,1ONE,0,1,0,0,0,0,0,0,1,1,0,0,0,1,0,1,0,0,0,0,1,1,0,0,1,1,0,0,1,1,1,0,1,0,1,1,1,0,1,0,1,1,1,1,0,1,1,0,0
s0437_1ONE,0,1ONE,1,1,1,1,0,0,1,0,1,0,1,0,0,1,0,1,1,0,0,0,0,1,0,0,1,1,0,0,1,0,1,1,1,0,0,0,1,0,0,1,0,1,1,0,0,0,1,1,1
s0438_1ONE,1,1ONE,0,0,0,0,1,0,0,1,1,1,1,1,1,1,1,1,1,1,0,0,1,1,1,0,1,0,0,0,1,0,1,0,1,1,1,1,1,0,1,0,0,1,1,1,0,1,1,0,0
s0439_1ONE,1,1ONE,0,0,1,0,0,1,0,1,1,1,1,0,1,0,0,0,0,1,0,0,1,0,0,1,1,1,1,0,1,1,0,1,0,0,0,0,1,0,0,1,1,1,0,1,1,1,0,1,0
s0440_1ONE,1,1ONE,0,0,0,0,1,0,1,1,1,0,0,1,0,0,0,1,1,1,0,1,0,0,1,0,1,1,1,1,0,1,1,1,1,0,0,0,1,1,0,1,1,0,0,1,0,1,1,0,1
s0441_1ONE,1,1ONE,0,0,0,1,1,1,1,0,1,1,0,0,0,1,1,1,1,0,1,0,1,1,0,1,1,0,0,0,1,1,1,0,1,0,1,1,1,1,0,1,1,1,0,0,0,0,0,0,1
s0442_1ONE,0,1ONE,1,1,0,0,0,1,1,1,0,0,0,1,1,0,1,0,1,0,0,1,1,1,0,1,1,0,1,1,0,0,1,0,0,1,1,1,1,1,0,0,0,1,1,0,0,1,0,1,0
s0443_1ONE,1,1ONE,0,0,0,1,1,0,0,1,1,0,1,1,0,1,0,1,1,0,0,0,1,1,0,1,1,0,0,1,0,0,1,0,0,0,0,1,0,0,0,0,0,1,1,1,1,0,1,0,1
s0444_1ONE,0,1ONE,1,1,1,1,1,0,1,0,0,0,1,0,1,1,1,1,0,0,1,0,0,0,1,0,1,1,1,1,1,0,0,0,1,0,1,0,0,1,1,1,1,0,0,1,1,0,1,1,0
s0445_1ONE,1,1ONE,0,0,0,0,1,0,1,1,0,1,1,0,0,0,0,0,1,1,1,0,0,0,0,0,0,0,1,1,1,1,1,0,1,1,0,0,1,1,0,0,0,1,0,1,1,0,0,1,1
s0446_1ONE,1,1ONE,0,0,0,1,1,0,1,1,0,0,1,1,1,0,0,1,1,1,0,0,0,1,1,0,0,1,0,1,1,0,1,0,1,1,1,0,1,0,0,1,0,1,1,1,1,1,1,0,1
s0447_1ONE,1,1ONE,0,0,0,0,1,0,1,0,1,1,1,1,0,0,0,0,1,0,0,1,0,0,1,1,0,1,1,1,0,0,0,1,0,1,0,0,1,0,1,0,1,1,0,0,0,0,1,0,0
s0448_1ONE,0,1ONE,1,0,0,1,0,0,0,0,0,0,0,1,0,1,0,0,0,0,0,1,0,0,0,1,0,0,0,0,1,0,0,0,0,0,1,0,1,1,1,1,1,0,0,0,0,0,1,1,1
s0449_1ONE,0,1ONE,1,1,0,1,0,0,1,0,1,1,1,1,0,0,0,0,0,0,1,0,1,0,1,0,0,0,1,0,0,1,1,0,1,1,1,0,0,1,1,1,1,1,1,0,1,1,0,0,1
s0450_1ONE,1,1ONE,0,1,0,0,0,1,1,1,1,1,1,1,0,1,1,1,1,0,0,1,0,1,0,1,1,1,0,0,1,0,0,0,0,0,0,0,0,1,0,1,1,1,0,0,0,0,1,0,0
s0451_1ONE,1,1ONE,0,1,0,1,1,1,0,1,1,0,1,0,0,0,0,0,1,0,0,0,0,0,1,0,0,1,0,0,0,1,0,1,0,0,1,1,0,1,1,0,0,1,0,1,1,0,0,1,1
s0452_1ONE,0,1ONE,1,1,1,1,0,1,1,1,1,0,0,0,0,0,0,0,1,1,1,1,0,1,0,0,0,1,0,0,1,0,1,1,0,1,0,0,1,0,1,1,1,0,1,0,1,0,1,0,0
s0453_1ONE,0,1ONE,1,0,0,1,0,0,1,0,1,1,1,0,0,1,0,1,0,0,1,1,0,0,0,1,0,0,1,1,0,0,0,0,0,0,1,1,1,1,1,1,1,0,1,0,0,0,1,1,0
s0454_1ONE,1,1ONE,0,1,1,1,0,1,1,0,0,0,1,1,0,1,0,0,0,0,1,1,1,0,1,0,0,1,1,0,1,0,1,1,1,0,1,0,1,1,0,0,0,1,1,0,0,0,0,1,0
s0455_1ONE,0,1ONE,1,1,0,1,1,1,1,1,1,1,1,0,1,1,0,1,0,0,0,0,1,0,1,0,1,0,1,0,0,0,1,1,0,0,0,1,0,1,1,1,0,0,0,1,0,1,0,1,0
s0456_1ONE,1,1ONE,0,0,0,0,1,1,0,1,1,1,1,1,0,1,0,0,1,0,1,0,0,0,0,0,1,0,1,0,0,1,0,0,0,1,1,1,1,0,0,0,0,1,1,0,0,0,1,0,0
s0457_1ONE,0,1ONE,1,1,1,1,0,0,0,1,0,1,0,0,0,0,0,1,0,1,0,1,1,1,0,0,1,1,0,0,1,1,0,0,0,1,0,1,0,0,0,1,0,0,1,0,1,0,1,0,1
s0458_1ONE,1,1ONE,0,0,1,1,1,1,1,1,0,1,1,0,1,0,0,1,1,1,0,0,0,0,1,0,0,0,1,1,1,1,1,0,1,1,0,0,0,0,1,1,0,1,0,0,0,0,1,1,0
s0459_1ONE,1,1ONE,0,1,0,1,1,0,1,0,0,0,1,1,0,0,1,0,1,1,0,0,0,1,1,0,1,1,1,0,1,0,1,1,0,1,0,0,1,1,0,1,1,1,0,1,0,0,0,0,1
s0460_1ONE,1,1ONE,0,0,1,1,0,0,0,0,0,1,1,1,0,0,1,1,0,0,0,0,1,0,0,0,0,1,1,1,1,0,1,0,1,0,1,0,1,1,0,1,1,0,1,1,0,1,1,0,0
s0461_1ONE,1,1ONE,0,1,0,0,1,0,0,0,1,0,1,1,1,0,0,0,0,0,1,0,0,1,1,0,0,0,0,1,0,1,1,0,1,0,0,1,1,0,1,0,1,1,1,0,1,0,1,1,0
s0462_1ONE,0,1ONE,1,1,1,1,1,1,1,1,1,0,1,0,1,1,0,1,0,1,0,1,1,1,1,1,1,0,0,0,0,1,0,1,1,1,0,1,1,0,1,1,1,0,1,1,1,1,0,1,0
s0463_1ONE,1,1ONE,0,1,1,0,0,0,1,1,1,1,1,1,1,1,1,0,1,0,1,0,1,1,1,0,1,0,0,0,0,0,1,1,0,1,1,0,1,0,0,1,0,0,1,1,1,0,1,0,1
s0464_1ONE,1,1ONE,0,0,1,1,1,0,0,1,0,0,0,1,1,0,1,1,0,0,0,1,1,0,1,0,1,1,1,0,0,0,1,1,0,0,1,0,0,0,1,0,1,0,1,1,1,1,0,1,1
s0465_1ONE,1,1ONE,0,1,0,1,1,0,1,0,0,0,1,1,0,0,0,0,0,1,1,1,0,1,0,0,0,0,0,0,0,1,1,1,0,0,0,0,0,0,1,0,1,0,1,0,0,0,0,0,0
s0466_1ONE,1,1ONE,0,1,0,0,1,0,1,0,1,1,0,1,0,1,0,0,1,0,0,1,0,1,0,0,0,1,1,0,1,1,1,0,1,0,1,1,0,0,0,0,1,1,1,1,1,0,0,1,1
s0467_1ONE,0,1ONE,1,0,0,1,1,1,0,0,1,0,1,1,0,0,1,1,1,0,1,0,0,1,0,0,0,0,1,1,1,1,1,0,1,0,1,0,0,0,0,0,1,1,1,1,1,1,0,1,1
s0468_1ONE,1,1ONE,0,0,0,1,0,0,0,0,0,0,1,0,1,0,1,0,0,1,0,0,1,0,0,0,1,0,0,1,0,0,1,1,0,0,1,0,0,0,0,0,0,0,1,0,0,1,0,1,0
s0469_1ONE,1,1ONE,0,1,1,0,0,1,0,1,1,1,0,0,0,1,1,1,0,0,1,1,1,1,1,0,0,0,1,0,1,1,0,0,1,1,0,1,0,0,1,0,1,1,1,0,1,1,1,0,1
s0470_1ONE,1,1ONE,0,0,1,0,0,0,0,0,1,1,0,0,1,1,1,0,1,1,1,1,1,1,1,1,1,0,0,0,1,1,1,0,0,1,0,1,1,1,0,1,0,0,0,1,1,0,1,0,1
s0471_1ONE,1,1ONE,0,1,0,1,0,1,1,0,1,1,1,0,0,1,0,1,1,0,1,0,1,1,0,1,1,0,1,1,1,1,0,1,1,0,1,0,1,1,0,1,1,1,0,0,1,0,0,0,1
s0472_1ONE,0,1ONE,1,0,0,0,0,1,0,0,0,0,0,0,1,1,1,0,1,1,0,1,1,1,1,0,1,1,0,0,1,0,0,1,0,1,0,1,1,1,0,0,0,1,1,1,1,0,0,0,1
s0473_1ONE,1,1ONE,0,1,0,0,1,0,0,1,1,0,0,0,0,0,0,1,1,1,1,0,0,1,1,1,1,1,1,0,1,0,1,0,0,0,1,1,1,1,1,1,0,1,0,1,1,1,1,0,1
s0474_1ONE,0,1ONE,1,1,1,0,1,1,0,1,0,0,1,0,1,0,1,0,0,0,0,1,0,1,1,0,1,1,0,1,0,1,0,1,0,1,0,1,1,0,0,1,1,1,1,0,0,0,1,0,0
s0475_1ONE,0,1ONE,1,1,0,0,1,0,1,0,0,1,1,1,0,0,1,0,0,1,1,1,0,0,1,0,0,0,1,1,1,1,1,1,0,0,1,0,0,0,1,1,0,0,1,0,0,0,0,0,0
s0476_1ONE,0,1ONE,1,1,1,0,0,0,0,1,1,1,0,1,1,0,0,1,0,0,1,0,0,1,1,1,0,1,0,0,0,1,0,0,1,1,0,0,0,1,0,0,1,1,0,1,1,1,0,0,1
s0477_1ONE,1,1ONE,0,1,1,1,0,1,1,0,0,0,0,1,1,0,1,0,1,1,1,0,0,0,1,0,1,1,0,0,1,0,0,0,0,0,0,0,0,0,1,1,0,0,0,0,0,1,0,0,0
s0478_1ONE,0,1ONE,1,0,0,1,0,1,1,1,0,0,1,1,0,1,1,1,0,1,0,1,0,1,1,1,1,0,0,1,1,1,1,1,1,1,0,0,0,1,1,0,1,1,1,0,1,1,1,1,0
s0479_1ONE,0,1ONE,1,1,0,1,0,0,1,1,0,1,1,0,1,1,1,1,1,1,1,0,1,0,1,1,1,0,1,1,1,0,0,1,0,0,1,1,0,1,0,1,0,0,1,1,0,0,0,0,0
s0480_1ONE,1,1ONE,0,0,0,1,0,0,1,1,0,1,1,0,0,0,0,0,0,0,0,1,1,1,1,0,1,1,1,0,0,1,1,0,0,1,0,0,1,1,0,0,0,0,1,1,0,1,0,1,1
s0481_1ONE,0,1ONE,1,1,0,0,0,1,0,1,0,0,1,1,1,1,1,0,0,1,0,1,0,1,0,1,0,1,1,1,0,1,1,0,1,1,1,1,1,1,0,1,1,0,0,0,1,0,0,0,1
s0482_1ONE,1,1ONE,0,0,0,0,0,1,0,0,0,0,0,1,0,0,1,0,0,0,0,0,0,1,0,0,0,1,1,0,0,1,1,0,0,0,0,0,1,0,0,0,0,1,1,0,0,1,0,0,0
s0483_1ONE,1,1ONE,0,1,0,0,0,1,0,0,0,1,0,0,1,1,0,0,0,1,1,1,1,1,0,1,0,0,1,0,0,0,0,1,0,1,1,0,1,0,0,1,0,0,1,0,1,1,1,1,1
s0484_1ONE,0,1ONE,1,0,1,0,0,0,0,0,1,1,1,0,1,1,0,0,0,0,1,0,1,1,0,0,0,1,1,0,1,1,1,0,1,0,1,1,0,0,1,0,1,0,0,0,0,1,1,0,1
s0485_1ONE,0,1ONE,1,1,1,0,0,0,1,1,1,0,1,1,1,1,0,1,1,1,0,0,0,1,0,0,0,0,0,1,0,1,1,0,0,1,0,1,1,1,0,0,1,0,1,1,0,0,0,1,0
s0486_1ONE,0,1ONE,1,1,0,1,0,1,0,0,1,1,1,0,1,0,0,0,1,1,0,0,1,1,0,0,0,0,0,0,0,0,0,0,1,1,1,0,1,1,1,0,1,1,1,0,1,1,0,1,0
s0487_1ONE,0,1ONE,1,0,0,0,1,0,0,0,0,0,1,0,1,0,1,1,1,0,1,0,1,0,0,0,0,0,0,0,0,0,1,0,1,1,1,1,0,1,1,1,1,0,0,0,0,1,0,0,1
s0488_1ONE,0,1ONE,1,1,0,1,0,1,1,1,0,0,0,0,1,1,1,0,1,0,1,0,0,1,0,1,1,1,0,1,0,1,1,0,1,1,0,1,0,1,0,1,0,0,1,1,0,0,1,0,1
s0489_1ONE,1,1ONE,0,0,0,1,0,0,0,0,1,0,0,1,0,0,1,1,0,1,0,1,1,1,0,0,0,1,0,1,1,0,0,1,0,1,1,0,0,1,0,0,1,1,1,0,0,0,0,1,0
s0490_1ONE,1,1ONE,0,1,0,1,1,0,1,1,0,0,1,1,0,0,0,0,0,1,1,0,1,0,1,1,0,0,0,1,0,1,1,0,1,1,1,1,0,0,0,1,0,1,0,1,0,0,1,0,1
s0491_1ONE,0,1ONE,1,1,0,1,0,1,1,0,1,0,0,0,1,0,0,1,1,1,1,1,0,0,0,0,0,0,1,1,1,1,1,1,0,1,1,1,1,1,0,0,0,1,0,0,0,1,0,0,1
s0492_1ONE,0,1ONE,1,1,0,1,1,0,1,0,0,1,0,0,0,0,1,0,0,1,1,0,0,0,1,0,1,1,1,1,0,0,1,0,0,1,1,0,0,1,1,0,1,1,0,0,0,1,1,0,1
s0493_1ONE,1,1ONE,0,1,1,0,1,0,0,1,1,1,1,1,1,1,1,1,0,1,0,1,0,1,1,1,0,0,1,0,0,0,1,0,1,1,0,0,0,1,1,1,1,1,0,1,1,0,0,1,0
s0494_1ONE,0,1ONE,1,0,0,0,0,0,0,0,1,0,0,1,1,0,1,1,1,0,0,0,1,0,0,0,1,0,0,1,1,0,0,0,1,0,0,1,0,0,1,1,0,0,0,0,1,0,0,1,0
s0495_1ONE,0,1ONE,1,0,0,0,0,1,1,1,0,0,0,1,1,1,1,1,0,1,0,1,1,0,1,0,0,0,1,0,1,1,0,1,1,1,1,0,0,0,0,0,0,0,0,0,1,0,0,1,0
s0496_1ONE,0,1ONE,1,0,0,1,1,0,0,0,0,0,1,1,1,0,0,0,0,0,1,1,1,0,0,0,1,0,0,0,0,0,1,1,1,0,1,0,1,0,1,1,1,1,1,1,0,0,0,0,0
s0497_1ONE,0,1ONE,1,1,0,0,0,1,0,1,0,0,1,1,0,0,1,0,0,0,0,0,0,0,1,1,1,1,0,1,0,0,1,1,0,0,1,0,1,0,1,1,0,0,0,1,0,0,1,0,0
s0498_1ONE,1,1ONE,0,1,0,1,1,0,1,1,0,0,1,0,1,0,0,1,1,1,0,0,1,0,0,1,1,0,0,1,1,1,0,0,0,0,0,0,1,0,0,0,0,0,1,0,1,1,0,1,1
s0499_1ONE,1,1ONE,0,1,1,1,0,0,1,0,1,0,1,1,0,1,0,0,0,0,0,0,1,0,1,1,1,0,0,0,0,0,0,1,0,1,0,1,1,1,1,1,0,0,0,1,1,0,1,1,1
s0500_1ONE,1,1ONE,0,1,1,0,0,0,1,1,1,1,0,0,0,0,1,1,1,1,1,0,1,0,1,1,0,0,1,1,0,1,0,1,0,1,0,0,0,1,0,1,0,0,0,0,1,1,1,1,0
